"","D0N","D1N","J1N","D0S","D1S","J1S","D0L","D1L","J1L"
"CRUK0005",1.93262676159341,1.74253090588972,0.859629441184975,5.31652977794789,4.47477199130454,0.901048640760426,2.17984698670483,1.92972886782322,0.840793553808785
"CRUK0057",1.97560683116365,1.91674877398435,0.956365394725595,2.05104856727211,1.98813665602997,0.956561933945778,1.99343927051341,1.93248838114246,0.955200085379078
"CRUK0039",1.98761736681393,1.98539072364979,0.998382904180452,2.04536035289172,2.03268308096322,0.995253802157606,1.99929502603667,1.99638444056511,0.997898185776066
"CRUK0196",1.98105406360002,1.77953427597806,0.84523146878868,2.03738315125157,1.82748335436532,0.84574538187744,1.99568478807452,1.79037042739263,0.843374242099883
"CRUK0023",2.86385316067037,2.69223595088464,0.939675865513381,3.08063200285605,2.85788784488623,0.939485675501979,2.89444778359429,2.71559490755888,0.936943631253615
"CRUK0050",1.00175647445869,1.00175537729363,0.99999841989996,1.02225053695392,1.00939908334383,0.988484182403624,1.00175647445869,1.00175537729363,0.99999841989996
"CRUK0073",1.95850097269377,1.95850097269377,1,2.08647832249283,2.03863546237624,0.978885236614834,1.95850097269377,1.95850097269377,1
"CRUK0038",1.97256938198071,1.87240803180107,0.92481881307108,2.03376979473954,1.92595517579288,0.924756271710966,1.99221399471125,1.8907451868103,0.924582322740663
"CRUK0010",1.77092045441188,1.75188197152615,0.984406169329658,2.66050565958609,2.53720313787298,0.963948088666432,1.9899314133702,1.95467192290594,0.974207775756471
"CRUK0013",1.93704102367489,1.71139141778211,0.822014934816421,2.20570381134869,1.93984295994444,0.83153987569011,2.01528100630684,1.7778350039745,0.821838346292643
"CRUK0011",1.80095620697824,1.76202379574311,0.968591329315257,2.95934633993051,2.61136319311586,0.90655680926772,2.00704910110239,1.91759391792529,0.936405641338951
"CRUK0014",1.92227369802658,1.83885486468019,0.935993851452361,2.11266247661094,2.00509894768566,0.93231182579483,1.92227369802658,1.83885486468018,0.935993851452361
"CRUK0279",1.70684871191086,1.65473812726474,0.955267730071653,2.39125504832072,2.31306142021334,0.96791949698802,1.99129278866785,1.92782867835754,0.953271485770898
"CRUK0223_Tumour1",2.00038830021393,1.95896770821898,0.970037009173632,2.19635002863506,2.13516750843947,0.968186338209496,2.05974723219735,2.01527354282111,0.970247905505471
"CRUK0287",1.9971731898683,1.74456974638439,0.804911831265445,2.00499922702411,1.75115851780555,0.805085724590862,1.99913758930256,1.74596140962118,0.8046439039149
"CRUK0276",1.69381484222868,1.59821656687748,0.91672496567624,4.22644958053522,3.77431386687236,0.930972919198516,2.10586299122477,1.93469272251218,0.8916667578847
"CRUK0278",1.98717378128321,1.88135569485793,0.921054591065257,2.00753549295965,1.89897110584606,0.920703482837268,1.98717378128321,1.88135569485793,0.921054591065257
"CRUK0241",1.96003379377554,1.72366996088268,0.814662972996531,2.54041298063244,2.13006321010212,0.814211533282857,1.97979084044872,1.73634867141859,0.810842363494163
"CRUK0269",1.98890476549493,1.98862625675702,0.999797963523887,2.02099174790153,2.01930592506251,0.999442996871437,1.99730347421356,1.9968224527251,0.999652506039116
"CRUK0284",2.01001527608082,1.63981690327495,0.711342348978972,3.14548834815614,2.47358033996571,0.787926942879701,2.16147170623502,1.72114041278402,0.694414818295433
"CRUK0254",1.99335155426365,1.69955078912701,0.76995730458776,1.99885045298945,1.7041462168051,0.770202437185537,1.99335155426365,1.69955078912701,0.76995730458776
"CRUK0361",2.35961219898643,2.20344987305473,0.937600239513398,4.84785845138461,4.19611595495332,0.920403630455358,2.70955473329774,2.48091084852257,0.913798060722538
"CRUK0370",1.9618355285287,1.96139452453774,0.999675657932441,2.14424623755762,2.11626058113376,0.990782456310918,1.99421932932555,1.99180638027553,0.998253322829694
"CRUK0316",1.01857141045104,1.01689049733338,0.998537888074644,1.35242251301938,1.25833456910248,0.961402094269182,1.02213124713215,1.02031772443754,0.998459273477828
"CRUK0339",2.97679643751898,2.5611907326295,0.862816223421517,3.02958884439983,2.60118445762197,0.862571137916528,2.98077709727661,2.56375300315738,0.862433463235675
"CRUK0321",3.45235965513823,3.34855838556229,0.977687729905791,4.49650655317479,4.29098538762332,0.976108475316677,3.85345061831642,3.71262971541259,0.970799320822263
"CRUK0497",2.75067463133736,2.66848610544397,0.972387991203069,3.78907937033581,3.43350610872564,0.93414087532277,2.89937724438656,2.80003893671324,0.966940009162641
"CRUK0452",1.00434384065925,1.00218372059548,0.99689374243562,1.03204070122531,1.0214749358718,0.992361064606038,1.00434384065925,1.00218372059548,0.99689374243562
"CRUK0472",1.02020333732892,1.01415435304906,0.991471105474182,1.23163469031048,1.16395954136704,0.966791612764908,1.03862641327073,1.02827057095244,0.985907629850229
"CRUK0484",1.91365414631603,1.63436320914331,0.774119241069025,3.37567104915582,2.70283247368778,0.787602308164845,2.157258919546,1.82755123814471,0.774489867854317
"CRUK0418",1.85861311096424,1.63639852346694,0.817958672356794,5.28084178406202,3.93777588695177,0.789040273151427,2.42563434195802,2.10627393590415,0.813698870965553
"CRUK0573",1.00153238019583,1.00131642779176,0.999688889683856,1.02346150545077,1.01102665932149,0.985682875214467,1.00175345738117,1.00152888854483,0.999676546496186
"CRUK0578",1.52716739931516,1.5160739396358,0.989481905394172,5.15823932953451,4.26777957069777,0.86991077202411,1.94135708255408,1.91435637456532,0.979793921556541
"CRUK0533",1.95208436848682,1.82172264592166,0.905827798574459,3.28732143957245,2.82498436923063,0.884718759541994,2.15917853427508,1.99909237368264,0.901417377790637
"CRUK0582",1.00343528006063,1.00298901354898,0.999358234949664,1.02032932518421,1.01413990712134,0.99574623748056,1.00364631762976,1.00316113248514,0.999302400222151
"CRUK0588",2.02337066040545,1.87630512514074,0.895462040376238,2.59960001420113,2.28681940941954,0.900327570214584,2.09659577711642,1.95353970314587,0.908751535130672
"CRUK0681",3.68986544405225,3.62584385047627,0.986510534621544,4.700913564032,4.51199890596538,0.980822405501332,4.00263655665443,3.89720384306838,0.980197378491953
"CRUK0607",1.98196070519456,1.93828908312907,0.967855395715136,2.03983980572829,1.99090045778547,0.96937008915229,2.00325986404959,1.9564313317635,0.965892992176828
"CRUK0603",1.84772665116029,1.83596964264739,0.990790861070729,2.37376168721996,2.31528102023597,0.982535656805808,2,1.95547512262389,0.96751918235291
"CRUK0768",1.97967970667025,1.85733805800787,0.907969392271256,2.07488487371033,1.94250226900245,0.916243076064996,1.99761239247926,1.86968248819844,0.904828479142828
"CRUK0735",1.97368901359927,1.8671383663217,0.919934156093728,2.13519878597564,1.98522198103963,0.910874478134641,1.99540261411481,1.88633798433234,0.918908324216462
"CRUK0702",1.80062271075826,1.77094356039117,0.976022313226884,3.12618325359033,2.77300277609606,0.927571606920989,2.13263408101083,2.07255865453683,0.965525166727767
"CRUK0794",3.05786719521402,2.96834170222395,0.97717395956788,7.46230417506817,6.60897886704612,0.944518273389276,3.93173298037758,3.69424232961039,0.955146172172745
"CRUK0077",1.99128176938012,1.65614832034259,0.734220232651345,2.10748585773735,1.7260824348252,0.731453126837597,2.00806119177029,1.6698336846725,0.734388919309134
"CRUK0015",1.94029204511406,1.7332833055778,0.837233665097256,2.08691560778112,1.86111112519714,0.854825464623744,1.95011496765986,1.73794983472809,0.83382726034443
"CRUK0065",1.09992603666693,1.07004573601409,0.969415685851914,2.03281721436578,1.54646667705532,0.839603448955076,1.17430320900704,1.12454849999604,0.961141748982308
"CRUK0004",1.93347543113611,1.90991666376514,0.984307605192121,4.10582498667358,3.61281781750222,0.922230731748666,2.20432666813357,2.13875740907368,0.968674098711588
"CRUK0098",1.98119600399899,1.8726631818312,0.918719822813163,2.07138887065322,1.94161750715498,0.914354488126563,1.99466220101907,1.88372517853026,0.917444057240582
"CRUK0078",1.97135761330013,1.96821910701029,0.997701322380798,2.12192269170348,2.1079875718907,0.995186670926324,2.00226989772547,1.99848691104145,0.997562625750845
"CRUK0095",1.0118893689843,1.00902564470747,0.995911274298993,1.13664060856419,1.11428964089444,0.984431301101489,1.0118893689843,1.00902564470747,0.995911274298993
"CRUK0053",1.93256386797772,1.93255007655562,0.999989704408954,2.22101955357246,2.20463083049671,0.996677213860852,1.99341725619501,1.99058768300921,0.997950699383321
"CRUK0021",1.0670942331685,1.05213651080679,0.979634317513966,1.42832336959268,1.37062535583161,0.973097485913007,1.07790786237909,1.06073563449351,0.976831276001921
"CRUK0020",1.76554474021717,1.74539853457224,0.983831046833586,3.01695618504008,2.92648007879906,0.976595796737437,1.77590579958858,1.75603585351064,0.984741683495252
"CRUK0027",1.82813583077608,1.82813583077608,1,1.99411400966919,1.98824776966757,0.997692446659079,1.82813583077608,1.82813583077608,1
"CRUK0061",1,1,1,1,1,1,1,1,1
"CRUK0044",1.97472081982369,1.97472081982369,1,2.06309980382003,2.05979113566201,0.998539044453973,1.97472081982369,1.97472081982369,1
"CRUK0052",1.99557954554888,1.60910409298491,0.689452125316825,2.08501485886496,1.66942100833984,0.691025428854976,2.00008968001434,1.61265168352727,0.689378927624322
"CRUK0100",1.99802843314712,1.61974847039213,0.697591822019315,2.05223535992584,1.65784529953374,0.701180047715703,2.01009695728494,1.62975518871003,0.699484628015553
"CRUK0036",1.99307048432613,1.73924554980413,0.803468897749115,2.01313250587796,1.75739983824973,0.811595218974088,1.9977620442257,1.74148059034837,0.801929641232852
"CRUK0001",1.32805736661072,1.32491816325682,0.996762240856755,3.56963381836316,3.3966515019025,0.973465972408505,1.6856030335776,1.66893250289628,0.988405148968371
"CRUK0047",1.97022488331037,1.91319245638381,0.957621698337091,2.08556650983533,2.01755256865128,0.956160374340526,1.99229157840119,1.93418113454902,0.957294102397458
"CRUK0083",1.99182304736231,1.74720307484712,0.811293615388698,2.08464147966871,1.82050754874774,0.815076974391039,2.0173981673943,1.76769569003316,0.810489588615267
"CRUK0178",1.99931409347265,1.99161807525705,0.995569415576645,2.04894132808412,2.02238740259858,0.990563113591151,2.00577068097465,1.99468347615041,0.993947372515227
"CRUK0259",1.90567601103778,1.90564398794569,0.999975756663741,2.3036952583666,2.27401738179735,0.988822755729976,1.91698143544711,1.91689453661321,0.999934599597027
"CRUK0235",2.04680484047998,1.9860076256512,0.958502089944296,2.72882743405473,2.59077213210578,0.955528921200681,2.19544686478549,2.12764906296457,0.959052789365028
"CRUK0253",1.00000000013345,1.00000000013338,0.999999999999899,1.03254644845646,1.01725020112966,0.978467884013465,1.00000000013345,1.00000000013338,0.999999999999899
"CRUK0037",3.96245289063587,2.79700196659625,0.748711453511227,4.0119156720121,2.82748957820745,0.748305234218454,3.96871227828653,2.79981756235723,0.748298635581906
"CRUK0094",3.78156086809163,3.49990395586101,0.942467290756682,3.93544432384515,3.63631237151766,0.944171140411788,3.7860386001925,3.50259723598763,0.941869781310481
"CRUK0273",1.02388833210776,1.01762294005539,0.991144718576459,1.12784268084642,1.10483390462917,0.983965159859136,1.02427952281586,1.01785675848545,0.990925071077752
"CRUK0297",1.56063505954297,1.35942301167422,0.804113457356488,6.89452989440566,4.83376821634175,0.807063739383483,1.87633326110031,1.48115548388701,0.665219742495264
"CRUK0233",1.92131208555931,1.92072165272063,0.999556581439375,2.26117612521781,2.234150349297,0.993314815899669,1.93407487125898,1.9331265328572,0.9992924272652
"CRUK0280",1.88302437163073,1.65884298285615,0.817455201826174,4.85371466062752,3.8886627968478,0.863370055378225,2.17230701601716,1.84192437618896,0.789359894270891
"CRUK0286",1.98788114476729,1.89973387257416,0.934565829467484,2.06843252049127,1.96852552406463,0.937688931231673,2.00524180486429,1.91323691543419,0.933104922884334
"CRUK0256",2.94661908064473,2.78018425919332,0.946755429066569,3.16644305889328,2.97269714167457,0.945871136151896,3.01576561767637,2.8426079811545,0.946192364172554
"CRUK0274",1.64031594295146,1.60358426389475,0.976544240564949,9.67578409991454,8.08724974526345,0.920645411130435,2.90621359654627,2.55661985193369,0.874855462505703
"CRUK0240",2.0055870522333,1.88789526191064,0.915288959098776,2.1535365877024,1.9683663691532,0.898112336151079,2.02324492915115,1.90252333041455,0.915422501677223
"CRUK0236",1.93295330248028,1.92414254281562,0.993817132190629,3.04872543491931,2.84740313119789,0.962231324898924,2.10087608703728,2.08922365267506,0.994820335560985
"CRUK0392",1.03126795408989,1.02630256505777,0.994977349712258,1.28662090837831,1.13730175690013,0.903293317544343,1.04533876699081,1.03951684915858,0.994590716433541
"CRUK0381",2.80741763670458,2.2157772003949,0.784384477196097,3.93532328776538,2.95715668293256,0.775922065872734,3.06602011495564,2.39713121523774,0.777969082891882
"CRUK0352",1.72524545736407,1.68012818333683,0.974442146461326,4.17496203624555,3.80750450411604,0.961716916114337,2.02809181290074,1.92383598997782,0.95468270641532
"CRUK0310",1.99512723027187,1.98599385278061,0.993380406545961,1.99512723027187,1.98599385278061,0.993380406545961,1.99512723027187,1.98599385278061,0.993380406545961
"CRUK0312",1,1,1,1,1,1,1,1,1
"CRUK0328",1.94238749739858,1.85614913080519,0.93448158677755,2.25349522435791,2.06485693845152,0.904753050997579,1.96228344216533,1.87499872755892,0.934356169752072
"CRUK0388",1.88539790929418,1.61974886778578,0.78090111594767,2.36194156011625,1.97261679526977,0.788883148784003,1.99156129948689,1.69107792468397,0.764371098916725
"CRUK0386",1.95474474105459,1.92484313711217,0.977760653286214,1.95474474105459,1.92484313711217,0.977760653286214,1.95474474105459,1.92484313711217,0.977760653286214
"CRUK0393",1.96412800805383,1.83770815880688,0.9040187170952,2.1274449249408,1.98656040211842,0.91714261796181,1.96822708334886,1.83945199394516,0.902379344721622
"CRUK0318",2.89250946663544,2.79032912182686,0.967263337954543,3.07836059845798,2.96248217464071,0.96500016988789,2.99850372067863,2.88864780021815,0.966025410943312
"CRUK0396",1.91288399304648,1.8741954259487,0.970910348338764,2.72107694908607,2.53465987053523,0.94737154481045,2.04176078860885,1.98537050360404,0.964485037974601
"CRUK0343",1.84389785976173,1.30334115479366,0.510633098789745,2.66055181578189,1.73480803658879,0.561414203423557,1.89839590942958,1.34434719121843,0.520657881273053
"CRUK0430",1.94962484564313,1.92347586561276,0.980519186133245,1.96948200968409,1.94065584993507,0.97979733010091,1.9500650311312,1.92390230354201,0.980513304350084
"CRUK0492",1.08742471628063,1.07900469526427,0.992900178114036,1.71550987218335,1.4101626004559,0.821782486177445,1.11976180002992,1.10927728115244,0.99138589521378
"CRUK0456",1.93998276574318,1.9391126442375,0.999352776939157,2.14107773963162,2.13267846775505,0.996697788809605,1.98055557228976,1.97908655253751,0.99892952567835
"CRUK0422",1.78817504898794,1.78704861831482,0.999090912261159,3.00305329173359,2.79441163614135,0.953899132306568,1.92766347875005,1.92232979831419,0.996002653156216
"CRUK0404",1.54829377946434,1.45755809005371,0.912874142075105,6.7404800135448,5.18786597830158,0.863904782482927,2.1718820203338,1.79275375863728,0.742334805445857
"CRUK0450",1.96542148296011,1.96282562369288,0.998093279910795,2.11272001421771,2.09195932565068,0.99247179773111,1.99955513970969,1.99590704175931,0.997365464096402
"CRUK0485",1.99729795477427,1.9588357188486,0.971946840018802,2.00340757750126,1.96388425197428,0.971611940192078,1.99729795477427,1.9588357188486,0.971946840018802
"CRUK0462",1.00825188304617,1.00743466787077,0.999181637958783,1.05131342587588,1.03737501340894,0.990138570741229,1.00924982607839,1.00840955565823,0.999215989031834
"CRUK0423",1.76734174453265,1.54440776024526,0.807299987411771,6.09840397146306,4.71459769372256,0.854093823124182,1.98628295655358,1.71838688854035,0.795097595839279
"CRUK0478",1.00756317501831,1.00666472208361,0.998712962241077,1.07774158768412,1.06128620861967,0.989433348481518,1.01012506028014,1.00899634420823,0.998387027896856
"CRUK0594",2.90509637298512,2.89285133631129,0.996102233070537,3.11845508469209,3.09650420255155,0.995287056099656,2.95483934011986,2.93780134354643,0.993944079834133
"CRUK0542",1.73566576088502,1.7219707858925,0.988571513773044,2.69610876683631,2.66761412584302,0.988735389422071,1.75444684385142,1.73975323813896,0.987866454953942
"CRUK0575",1.97429991241378,1.81636968402381,0.879716699188783,2.02805684462067,1.8683204835641,0.899160192832766,1.98765294774376,1.8234455273231,0.875601223494846
"CRUK0598",2.01227763933637,1.92572610977414,0.936846943847924,2.11038704384832,2.01361161209161,0.937801772390206,2.04117658883893,1.95354112366193,0.937681630986575
"CRUK0535",3.97200838805748,3.83228898544397,0.974115791770137,4.01799135242078,3.87340528973067,0.973887503146548,3.98607141988178,3.84480960782025,0.973891931642086
"CRUK0590",1.9940678258151,1.54169629077034,0.629126996263817,2.10206349295605,1.60577839925004,0.635394420841107,2.0079251751191,1.54925400546085,0.627539469614462
"CRUK0527",1.01647375106388,1.01570466670672,0.999423090075663,1.05178869192364,1.04044381612987,0.992644930075587,1.01789294871852,1.01703520910759,0.999341171043011
"CRUK0505",1.62126146768958,1.59477093683643,0.976232439814097,3.72338914672611,3.33842990138887,0.933512116651518,1.75759888924422,1.70743696382093,0.958226454090916
"CRUK0586_Tumour2",2.74271665051363,2.17231106450494,0.787272570739947,4.24903246129438,3.2636925976122,0.800162296131493,2.86858633769442,2.26620244272899,0.786685049312396
"CRUK0570",1.95973639156952,1.95246171022063,0.994634648589166,2.14691752169229,2.10326537311062,0.986246497948967,1.968783512197,1.95978054850766,0.993387632934195
"CRUK0543",2.90832865600292,2.48927135970357,0.85285000700189,3.53269307991007,2.91490225776877,0.855599462275618,2.97008248392009,2.52940009392012,0.854185870522911
"CRUK0524",3.76631327991512,3.76394609740103,0.999388124153363,3.96298911682903,3.95195192740802,0.998519567381757,3.85897127749745,3.85544360199487,0.999081981323757
"CRUK0567",2.00428265773493,1.85774843923546,0.890622985354654,2.07812720893158,1.9171219935448,0.889943323262972,2.02345712848321,1.87524937331483,0.890841383114405
"CRUK0610",1.01143416815746,1.01094596127051,0.999601631197988,1.12360277347231,1.09516760636351,0.984114110871826,1.01391430249073,1.01332309936538,0.999498678225092
"CRUK0620_Tumour1",1.95989940096805,1.83752570651813,0.911971750021086,3.43697621287802,3.03108426161706,0.907208100705881,2.20984826034824,2.05028483165972,0.90551891836435
"CRUK0625",2.89310168599327,2.46870235104136,0.855497920379243,2.97592362933467,2.53665837136668,0.856092399669202,2.91206567241844,2.48407678305876,0.855028926108224
"CRUK0691",1.79096391126244,1.74434950727334,0.976080869200964,5.48303362221218,5.06059161314375,0.96080021249724,2.38205184315828,2.29118498660087,0.965556160138559
"CRUK0674",1.07046494506336,1.05359656224518,0.982253432754388,1.49727281343793,1.32793245703124,0.914175803626192,1.09809680546212,1.07405279021825,0.977123199345276
"CRUK0693",2.98763945965367,2.52118003508928,0.845551618616518,3.07076711502404,2.58128328531567,0.845078070304397,2.9955534686783,2.52707729366004,0.845183119329009
"CRUK0642",1.00280967270506,1.00277430308604,0.999949114497738,1.47714272045147,1.31094541900162,0.830948839752687,1.00280967270506,1.00277430308604,0.999949114497738
"CRUK0609",1.99515236076038,1.88556251308953,0.918666697317429,2.09567536338279,1.97458104055677,0.919549029379409,2.02053770620549,1.90951324302155,0.91932383857767
"CRUK0650",1.88019204753112,1.75185864432078,0.904654197499185,2.91983857438702,2.58244485551337,0.914343517295434,2.17482932510475,1.99577363119785,0.889983734747662
"CRUK0680",1.90894732070163,1.58788948017836,0.73438976308993,2.29226422864759,1.86984003444586,0.74619490750643,1.913685265022,1.59100042071838,0.733703316108492
"CRUK0617",1.96195541306553,1.8872390225045,0.943984899068547,2.21878552637572,2.06911934276757,0.938151881817742,1.98549570527337,1.89455455074791,0.932359440357533
"CRUK0616",1.14520871424255,1.1125576079581,0.958269487007509,2.51670094090887,2.25119212427006,0.922585420975396,1.18027848462048,1.13492064273333,0.943464122115173
"CRUK0698",4.98587297321001,4.46915309906691,0.931989886482292,4.99344379325471,4.47541324043308,0.931953688993924,4.98587297321001,4.46915309906691,0.931989886482292
"CRUK0784",1.93073151053095,1.84707949206636,0.945024156431704,3.21614879022477,2.96138478580326,0.95576206186968,2.22053377271154,2.07213897477947,0.928665918905566
"CRUK0710",1.89297341380319,1.89255758720152,0.999683050553089,2.31928990272474,2.29117607583831,0.992151354717678,1.96428413856905,1.96322569028479,0.99922239882559
"CRUK0799",1.60329154612858,1.55706232389804,0.963664791313788,5.68240342995064,5.18742128931241,0.959472783011151,2.12594734223455,2.02218212838299,0.943052532429467
"CRUK0749",1.98717624051915,1.73618519429139,0.805201015131719,2.26234135679609,1.90855145853232,0.803358353376509,2.03243538570403,1.76343973807691,0.802682868995948
"CRUK0766",1.96404665738375,1.92321077726813,0.969687683394077,2.08404841668549,2.03170775112716,0.967954510470727,1.99987067992014,1.95540398343475,0.967559984622291
"CRUK0769",5.96229513390302,5.48428885321166,0.953359775316258,6.05099730626643,5.55434908829113,0.952751162074118,5.98776237367288,5.50605266253813,0.953159699761098
"CRUK0756",1.97257435293841,1.5551715887096,0.656994086555757,1.97257435293841,1.5551715887096,0.656994086555757,1.97257435293841,1.5551715887096,0.656994086555757
"CRUK0793",3.20693381161902,2.95796969125314,0.947257823596131,3.75855037362833,3.17865994442098,0.901452934000698,3.30279623690852,2.99170426053433,0.936360720435764
"CRUK0714",1.02042606288524,1.01761045896161,0.997684348913325,1.12170447753374,1.06446254381714,0.970120070851846,1.02563615225951,1.02226295889183,0.997442676744856
"CRUK0738",1.9337457894222,1.76053053761396,0.864612101632664,2.41925840207035,2.12764392015745,0.893498435310335,1.98431230440603,1.78627496508031,0.848315070013765
"CRUK0722",1.00225237163481,1.00205993902963,0.999740831323571,1.01780497541038,1.01141130015162,0.992784794383184,1.00246108137616,1.00222814319217,0.999697224479881
"CRUK0771",1.99338613592346,1.58601194886003,0.670182440609943,2.00379086520202,1.59313276811412,0.670585734317337,1.99375574019334,1.58621317222249,0.670097996278729
"CRUK0719",1.99429461623844,1.60651713428402,0.688057813769455,2.01009790595348,1.61831908962083,0.688417761308069,2,1.60979599671167,0.686877872699962
"CRUK0788",1.97076929323196,1.90402946017082,0.957919247997223,2.83262560915496,2.52633724515541,0.936441553691059,2.16695526380086,2.0614325868447,0.955417948151348
"CRUK0313",1.66185357414901,1.66028135934559,0.998634476494873,3.09278508312572,3.02298824751412,0.984567562590658,1.76463279772745,1.76176079767995,0.9976500517994
"CRUK0359",1,1,1,1,1,1,1,1,1
"CRUK0424",1.99553298400529,1.78843223121772,0.841921326314414,2.00169970175895,1.7933558296581,0.842029808691236,1.99570873884945,1.78852928476368,0.841872556957268
"CRUK0486",1.9554152641328,1.87862409759177,0.94220140049665,2.31077560955327,2.1758003343394,0.933350350504438,1.9738602921061,1.895726183711,0.942589174231079
"CRUK0541",1.00251513647997,1.00249331624551,0.999968598701187,1.04800484246077,1.02685050171442,0.979813730075625,1.00251513656229,1.00249331632716,0.999968598700577
"CRUK0686",1.8701921733718,1.86255676291219,0.994097870305826,2.41662083840747,2.33181032428761,0.976576770089083,1.93495985267909,1.92291686996843,0.990992761500725
"CRUK0729",1.82260883092192,1.80490135873674,0.985915030482873,2.50739078642049,2.45196423082193,0.986656660430584,1.84408672203393,1.82111623451524,0.98191650355446
"CRUK0741",1.94202948853647,1.83063438549172,0.914778577316446,2.16046883004681,2.00590661990902,0.914410150588345,1.94993685609032,1.83539204993589,0.912660857059647
"CRUK0051",1.05173504154019,1.04677445631281,0.993179325569102,1.28183638612905,1.25417480171724,0.986563884696396,1.05576879571226,1.05063996551318,0.992974438150307
"CRUK0003",2.13202573586493,1.61577903831392,0.614642354930924,5.38434758751474,3.00299662357271,0.622492494264391,2.32166921303272,1.75928835570302,0.618353594290792
"CRUK0018",1.95823800397705,1.72539391827278,0.817369655284095,2.41790957117475,2.08910103347168,0.838572239336293,2.03545811229727,1.78321998187515,0.810243302463096
"CRUK0062",2.02474376505778,1.9358677736575,0.95318918120844,12.6682302724959,9.05558578584113,0.857704965781025,3.45110763618577,3.11182201885376,0.924180743306527
"CRUK0146",1.98753853356207,1.87999526008026,0.919746193493204,2.03407129723406,1.91883936177796,0.918953951329294,2.00098453231813,1.89264733894514,0.919695600406772
"CRUK0096",1.99757398987497,1.79302215637007,0.844193582655136,2.02995891442063,1.81146999866588,0.841176802836104,1.99814868334127,1.79342622903056,0.844103672038367
"CRUK0030_Tumour2",1.98677260226587,1.95702131524553,0.978232712261045,2.00361425488446,1.96870096624707,0.977230195051381,1.99074755047449,1.96002059617811,0.977558532017483
"CRUK0193",2.06293154119733,1.94613751222441,0.92773357449719,4.03436080380664,3.50809859480629,0.92131086272268,2.38408433670921,2.22006198107077,0.930845031671192
"CRUK0025",1.98118832867635,1.87420788052122,0.919914953423379,2.22095293001306,2.01782155249733,0.897621987487419,1.99959101374788,1.8898223456168,0.919059371070513
"CRUK0290",1.92306691576393,1.43694678852829,0.579687038474727,2.13329191334122,1.58585991969683,0.590968292004662,1.98212912264783,1.46300053221121,0.561969555939229
"CRUK0271",3.91185772687337,3.70981006716253,0.961684178970071,4.02677369168515,3.82281647308337,0.964502992276403,3.99825794221666,3.78445237329316,0.96037011608864
"CRUK0267",1.04280695263442,1.03345450149688,0.987002767780127,1.35272347591871,1.25750250350634,0.941760610872629,1.05819241393512,1.0476161434352,0.985508216076066
"CRUK0249",1.01670155164443,1.01515216696874,0.998611798704545,1.05905794210595,1.04535857917018,0.990219571819702,1.01810729594628,1.0164686923332,0.998533825607345
"CRUK0213",1.98126396191215,1.97989568535105,0.999003319197636,1.99265460477387,1.99010240848273,0.998833416405519,1.98705973384035,1.98507023827668,0.998554812836572
"CRUK0212",1.9171344834349,1.86717663425202,0.961906869520587,2.02406432337645,1.959826672264,0.968047471059578,1.95865046011363,1.89818716372695,0.954762293119458
"CRUK0380",2.02183303505104,1.59751506156647,0.662692231036159,2.84022411592196,1.98776598446625,0.64766674930016,2.12793367945831,1.67857667699724,0.667869941468207
"CRUK0329",1.92258300417446,1.79086932077452,0.897614182738657,2.14778308781915,1.99597412145052,0.90020246961167,1.98851637016989,1.84652926062957,0.893123685114237
"CRUK0375",1.90793293298524,1.87950457097861,0.978341964932182,2.39755042604358,2.33606418990183,0.97448466661082,1.99733238649062,1.96566763605028,0.977595105660363
"CRUK0367",1.95168547659774,1.8500356921429,0.922832529999518,2.10772144788547,1.95583259012953,0.910967220548842,1.95168547659774,1.8500356921429,0.922832529999518
"CRUK0394",3.91348628068541,3.52851707574209,0.924025994103692,4.32799327990346,3.8045151619328,0.916118833613134,4.05210045807263,3.64920434120971,0.925135016958634
"CRUK0334",1,1,1,1.01948221838592,1.01937479551859,0.999847975263903,1,1,1
"CRUK0468",3.37055233719769,3.322807899567,0.989288793698563,6.05071883729159,5.63385538428653,0.966211434444785,3.83695984460341,3.76170803708347,0.986341620108576
"CRUK0410",2.4210976406114,2.02958065286934,0.82610514074884,5.52631816526764,4.51182479631852,0.877576548579691,2.79494841757977,2.29336827136703,0.810592360060184
"CRUK0412",1.96373330571095,1.89529172622867,0.949553758272646,2.26938029487973,2.12980472156535,0.936740584010553,1.97163723772754,1.90282537802105,0.949501718158928
"CRUK0448",1.91626638852269,1.82072734547771,0.927491164221626,2.80056497161526,2.52876683896701,0.915548642463025,2.04601426220556,1.94446084988449,0.929676266127566
"CRUK0415",1.99419732887942,1.6549767657318,0.732299357532058,2.30039423095402,1.90140133096748,0.756483043091418,2.0331377049402,1.68136991812533,0.728178988992848
"CRUK0434",2.00074143540259,1.97868708659293,0.988373769967675,2.31358776331041,2.25086694924435,0.982382115779682,2.05960215715498,2.01776626810279,0.977446434341922
"CRUK0592",1.94670969527844,1.80912266316024,0.894252472716137,2.26668598204301,2.07910807142192,0.91077663892018,1.96697140922547,1.82386355080642,0.891021813231772
"CRUK0518",1.03358981396898,1.02570041602453,0.991750740661563,1.21345779497646,1.11448638572704,0.946846641622151,1.03893576638383,1.03129867075347,0.993362011563932
"CRUK0696",1.91794297409236,1.69738239133564,0.824513285723061,2.89049013670966,2.45281580119777,0.846953716253259,2.04099626679213,1.79374305694162,0.815516811834889
"CRUK0638",1.98940709596159,1.69356463548069,0.767743374376388,2.14012997814457,1.78254005478152,0.761418590560932,1.9905771685175,1.69455848397728,0.767745350130186
"CRUK0745",2.55646270224807,1.93432286566967,0.738754462781663,5.74606078535128,3.78483695661141,0.743518351296523,3.17339843345536,2.33698508848739,0.729983141222604
"CRUK0045",1.98743694757958,1.98743694757958,1,1.98743694757958,1.98743694757958,1,1.98743694757958,1.98743694757958,1
"CRUK0076",1.97296492023429,1.95969162287617,0.993648899783139,2.43072421828993,2.31522404755227,0.973927745060512,1.989761725173,1.97504446361029,0.992970772775871
"CRUK0085",1.99154509012466,1.60585894368949,0.68951441907237,2.07237586990318,1.66332624420965,0.691237692394106,1.99534245429883,1.60865194853522,0.689296782952559
"CRUK0071",1.99583581688537,1.56486982112621,0.649552554115711,2.1148256444521,1.64002152086756,0.65898519400379,2.01952404091178,1.57832967175846,0.647050197813633
"CRUK0066",1.84678823623227,1.67769825488025,0.861464813095591,3.05084149088419,2.61868432595663,0.842425868124293,2.07710273331873,1.83702142662324,0.829105501581003
"CRUK0080",1.94647553534578,1.93534793760393,0.991728745954447,1.99787476475678,1.97182659604494,0.985154969739467,1.94647553534578,1.93534793760393,0.991728745954447
"CRUK0017",1.84688510965669,1.63033406014831,0.820084847003328,2.79018119376533,2.39403174945589,0.828311338885113,1.88109517944479,1.64752410930671,0.808794779912528
"CRUK0068",1.86078884666683,1.83285276429558,0.97817654214244,2.88880045060668,2.65490213466093,0.948459530717487,2.0386546009036,1.99821738112441,0.973023814389684
"CRUK0032",2.00508479822326,2.0012634900174,0.997938825271965,2.25358759392747,2.21609303725051,0.991656332469762,2.07765448922104,2.06874779953251,0.996655942678673
"CRUK0072",1.93991428637806,1.7822090142947,0.877741471650182,2.34331712642048,2.0701435600375,0.857248218214191,1.9733565085782,1.81246765682318,0.877488520244195
"CRUK0043",1.02061934443404,1.02012816145486,0.99930552186406,1.14465963698812,1.12969711860343,0.984894929639328,1.02061934443404,1.02012816145486,0.99930552186406
"CRUK0157",3.95886132912722,3.62320477008683,0.935766483787778,3.97196690758317,3.63356496655411,0.935532430340874,3.96465010084967,3.6283544177279,0.93572927663778
"CRUK0084",2.99505173917825,2.99492120645442,0.999960328366527,2.99505173924237,2.99492120649683,0.999960328370408,2.99505173921509,2.99492120648331,0.999960328364114
"CRUK0012",1.01703704565122,1.01400161922589,0.995687725707074,1.15021767685836,1.13070273473843,0.981373851364576,1.01703704565122,1.01400161922589,0.995687725707074
"CRUK0033",1,1,1,1,1,1,1,1,1
"CRUK0009",1.61360243142518,1.60489677895162,0.992195348539353,3.68820587499563,3.49650793693103,0.972474135241541,1.78224467517751,1.76573152565852,0.986570591461023
"CRUK0054",1.98807096566907,1.76492996466083,0.828241680217781,1.98807096566907,1.76492996466083,0.828241680217781,1.98807096566907,1.76492996466083,0.828241680217781
"CRUK0075",1.87549077969482,1.87549077969482,1,1.94494607870557,1.93927490973018,0.997342002864545,1.87549077969482,1.87549077969482,1
"CRUK0270",2.02033478811813,2.01166604430938,0.996604385596978,2.30497133264555,2.18622403049239,0.975781530467529,2.06238099169489,2.04960114060535,0.996214913027328
"CRUK0296",1.85865750141337,1.75247697790537,0.915134545428498,2.49453424158358,2.25552660612752,0.897915692091836,1.85865750141337,1.75247697790537,0.915134545428498
"CRUK0097",2.00144331424129,1.82787085571402,0.87117214479684,2.32276372440843,2.11873802192882,0.895088715786761,2.04015201595438,1.87028257606873,0.881128910266381
"CRUK0087",1.99153873231471,1.79421645956642,0.849470413604618,1.99207402200234,1.79500678652451,0.850180822003663,1.99234120266306,1.79469775311249,0.849276158358688
"CRUK0064",1.62565342981426,1.59768955031534,0.974967378468438,2.69270068061415,2.55511071724435,0.950698189749393,1.67510244647091,1.64248859960769,0.971634025852079
"CRUK0245",1.99796760975124,1.77101746287129,0.826045242726581,2.02167715172634,1.79102054393672,0.827851337630616,2.00020201206798,1.77236977802631,0.825724914601839
"CRUK0201",1.99864615149417,1.99756943298784,0.999222576232805,2.00511915946138,2.00187863236247,0.998527747872818,1.99932296117747,1.99801976433366,0.999059317241685
"CRUK0056",1.8354238911453,1.7383073069561,0.921569859822655,2.72588764843359,2.48992407814942,0.916904687288226,2.01300636622926,1.89174310633022,0.911988222686853
"CRUK0074",1.92116380899571,1.92104007212153,0.99990707699001,2.18114442170193,2.1753877536294,0.997594440746368,1.92538270241694,1.92517065255696,0.999841101652917
"CRUK0022",1.8395075790359,1.81192801181905,0.978206017590733,2.56198928369703,2.50099942210483,0.975496097026414,1.93085011397682,1.89874428967443,0.977046147182066
"CRUK0260",1.86807431068492,1.69407002729398,0.858941666594743,2.49274641742582,2.19476007360428,0.893548896622539,2.022017065803,1.79637234378666,0.832653079593633
"CRUK0218",1.00400222942125,1.00386058935207,0.999796456785965,1.04234870912736,1.0282010895847,0.984894221347442,1.00475343602591,1.00456455326441,0.999728763465434
"CRUK0244",2.93639084727993,2.74419990901846,0.937960282388993,2.95479123088706,2.75834790797904,0.937348981125125,2.93639084741482,2.74419990911643,0.937960282374231
"CRUK0299",1.79574849253784,1.731076611854,0.947084270700662,2.51040442809249,2.34985730570564,0.94172356936942,1.91290378119128,1.84205822385138,0.945554354775436
"CRUK0246",1.07012833326107,1.06616745368698,0.994650227836452,1.95423206809172,1.75804356923711,0.91936866113131,1.14126904079748,1.13457187664859,0.991509078405871
"CRUK0331",3.78334470417994,3.31911635999456,0.900445817841112,4.28696734610484,3.70422444832119,0.899317617678338,3.80771679857112,3.33760599024026,0.899196308968249
"CRUK0369",1.94943343285785,1.84713384880571,0.936871475027886,3.38535378934504,2.99996027357438,0.925085344611541,2.23199036407859,2.03463299498119,0.899102039685886
"CRUK0379",1.87706990864728,1.24987478514205,0.413544320876543,1.90938792879072,1.26500886695493,0.415910586538906,1.87734661816018,1.2500580000852,0.413543125016606
"CRUK0303",1.07957039900496,1.05738684725026,0.970045961511224,1.44116864378242,1.36526229072515,0.974880212910605,1.10772103097626,1.07422625003501,0.960276008067312
"CRUK0350",1.00691409465522,1.00683230064529,0.999882801714409,1.0812246542808,1.07428398825528,0.995470730578348,1.00738848574704,1.00726688830929,0.999825848109908
"CRUK0384",1.69341284570199,1.5520125635522,0.874206498146457,4.78684032058568,4.25355694963715,0.916773700490098,1.91328165070249,1.72159915344328,0.849159331538051
"CRUK0337",1.97309649576748,1.97264949783258,0.999673125584988,2.06057204603526,2.05526703405674,0.998084352813839,1.98567849438434,1.9849260985152,0.999453243063223
"CRUK0311",1.99164275053201,1.62616804958457,0.708030297549491,2.8203454256907,2.15341283400061,0.704695310555142,2.11114924351858,1.7087313119357,0.70345411472567
"CRUK0409",2.97345151601531,2.7160072498091,0.917964761692441,3.08314842742877,2.79524928322847,0.915750945807005,2.99073354520888,2.72664848329973,0.916304635429843
"CRUK0408",1.98900210115562,1.96683311840415,0.984320375085485,2.13159317543306,2.08321668127496,0.975725380736918,2.00004820857415,1.97684519824895,0.98410062163564
"CRUK0488",1.92618114009247,1.92618114009247,1,2.42572648332811,2.29177200699227,0.964956950764237,1.99807287211454,1.99110113630622,0.994957302491153
"CRUK0401",1.98567088651597,1.60525941953811,0.693959212572852,2.23073349406516,1.79762827470393,0.706498667501921,2.04825056893542,1.64957518445603,0.691819015102142
"CRUK0413",1.09989188159171,1.09330211412515,0.991330403536768,1.82767137731083,1.62923236090733,0.889164985071046,1.120004325745,1.11248539542432,0.990282092321551
"CRUK0441",1.45536311953061,1.44460491007696,0.989295822249843,3.14695623697333,3.10163862154156,0.989144289330804,1.5370620423977,1.52428438926006,0.987956695344826
"CRUK0431",1.99600755065497,1.97169521013663,0.982319375107713,1.99600755065497,1.97169521013663,0.982319375107713,1.99600755065497,1.97169521013663,0.982319375107713
"CRUK0451",2.88073353895374,2.38003613521812,0.825161864214576,3.13988282072473,2.55420345742732,0.813816046100477,2.93526918137886,2.41402047783822,0.820940877004328
"CRUK0402",2.88831841961021,2.77770056031049,0.963595689403172,3.25627208148051,3.06804732098704,0.953730683171503,2.95053435045171,2.83535434965287,0.962932058118895
"CRUK0416",1.62514442635292,1.56837974357765,0.948706978006369,6.22044919182208,5.12318218412854,0.894925009050651,2.00637922295017,1.89408531121887,0.922635552003341
"CRUK0428",1.96337718857984,1.96336244294402,0.999989164824938,2.09357574546221,2.09062213448343,0.998945302221455,1.99580859514364,1.99578224428217,0.999980951826634
"CRUK0453",1.98140750515567,1.93094814634678,0.962783800820483,2.0430150847898,1.98938409779354,0.962558859512181,1.99865240599156,1.9469672532373,0.962201030277758
"CRUK0597",1.86805696125429,1.81404861709756,0.957674674352726,3.02889239170934,2.7698835244213,0.929965348772333,2.10001212351359,2.02756131456348,0.953120890743514
"CRUK0537",1.99156482382605,1.99156482382605,1,1.99156482382605,1.99156482382605,1,1.99156482382605,1.99156482382605,1
"CRUK0530",1.65256218352756,1.62418800682712,0.975014081131501,2.30318850289678,2.20281067371429,0.965451037956302,1.73274887327856,1.69097162778246,0.964789873146011
"CRUK0549",2.99301034539034,2.12117693460244,0.686569910928721,3.01623281777643,2.1365414541086,0.687153474689394,2.99664234024477,2.12329379973097,0.686433348885876
"CRUK0504",1.00685249667087,1.00667388799636,0.999744053167991,1.04420764942069,1.03642939883021,0.995192987302484,1.00870471013391,1.00844977386194,0.999635332543755
"CRUK0520",1.03514869958437,1.03514869958437,1,1.99309799246746,1.87180333080743,0.911078637044187,1.03514869958437,1.03514869958437,1
"CRUK0553",1.95787805848772,1.9499113097923,0.994117592492791,2.35555013263867,2.21836994706645,0.964346996755532,2.02112502519856,1.99958413713989,0.988318680097747
"CRUK0692",1.87685195654912,1.71546698020317,0.870286499863367,1.92777557657022,1.76061008342359,0.871323273026581,1.87718273186892,1.71576365986156,0.870281746339163
"CRUK0679",1.01490536435083,1.01369493492254,0.998766318293505,1.16925097775544,1.0912781800551,0.95641186441595,1.02004969054045,1.01844728622023,0.998284442251492
"CRUK0709",1.03265946159203,1.02603832094913,0.990749239152937,1.46123010298243,1.31535908472775,0.901347845714079,1.07306811561965,1.06114081353618,0.984553426052194
"CRUK0753",1.67798094944669,1.6777532494668,0.999804214748347,3.16120969506711,2.95618807134134,0.959342696501457,1.82684868203102,1.81730045398412,0.992439819413723
"CRUK0730",1.81266610994317,1.77523241377942,0.969894707355857,2.74484183448945,2.38315364002569,0.858813500802227,1.82981540369806,1.78712107791672,0.965939267446408
"CRUK0707",1.00466067072293,1.00465231983441,0.999988008054968,1.24313401962242,1.18530140532746,0.961310539298757,1.00472785953707,1.00471934791561,0.999987778057548
"CRUK0177",1.95961734839946,1.92374628184845,0.973346569263429,2.07738698310988,2.02743150411159,0.971550427454562,1.97828816828473,1.94071150334331,0.972333077757336
"CRUK0373",3.62447540600014,3.40516366282251,0.9549759703909,4.46371881712629,4.12980077658195,0.948468446571576,3.80608966203819,3.55414912229486,0.949422564021939
"CRUK0088",1.99397869020877,1.86408528146977,0.90281787283134,1.99675132211564,1.86658622197622,0.902839759253516,1.99397869020877,1.86408528146977,0.90281787283134
"CRUK0046",1.00201206379059,1.00158869006041,0.999390298515485,1.02027993690643,1.01019941174956,0.989412632428391,1.00201206379059,1.00158869006041,0.999390298515485
"CRUK0099",2.98670930759325,2.82049773452841,0.947756958433226,2.99428934480419,2.82695014070242,0.947693183901897,2.98931221208325,2.82286860603107,0.947712403524233
"CRUK0086",1.02224075690065,1.02217574029727,0.999908238725893,1.11222079490771,1.08673482830733,0.978899651178231,1.02224075690065,1.02217574029727,0.999908238725893
"CRUK0272",1.92837761856448,1.59576847634931,0.726863761390556,2.17527532516699,1.79741191739442,0.758679909930627,1.99548294024528,1.63577536513964,0.713893169707836
"CRUK0368",1.76446335655673,1.56443355706675,0.826433693788702,2.68055025289028,2.2181832448991,0.842812967836404,1.78842853497495,1.58460029615151,0.825947446562791
"CRUK0382",1.00098262511758,1.00098115940226,0.999997887494038,1.1650592138688,1.10000158757389,0.919226078547879,1.00098262511758,1.00098115940226,0.999997887494039
"CRUK0346",1.99309037944719,1.64131968764532,0.719849134131244,2.00927745040331,1.65645545944606,0.726422619305306,1.99535804614161,1.64221367695779,0.718994209660428
"CRUK0460",1.5893903146374,1.5271232107576,0.943313143922074,4.67312994287105,3.84939779253999,0.897876779672483,2.05353219287659,1.94011795913787,0.925843628054976
"CRUK0465",1.99138081886078,1.88249468245801,0.918876650513884,2.01030440247544,1.8985069974268,0.918472799278707,1.99138081886078,1.88249468245801,0.918876650513884
"CRUK0503",1,1,1,1,1,1,1,1,1
"CRUK0742",1.95104747389845,1.94824947155248,0.997929542244037,1.95104747389845,1.94824947155248,0.997929542244037,1.95104747389845,1.94824947155248,0.997929542244037
"CRUK0775",1.00673164854429,1.00616439839866,0.999186874061426,1.05977091395639,1.03907742320724,0.982099269780417,1.00841212417645,1.00774889667626,0.999050834680256
"CRUK0704_Tumour1",1.05555229094914,1.04229854350775,0.981770515042647,1.56633583852768,1.42340641108062,0.912690987086822,1.06898678807388,1.05308560417061,0.978378693752848
"CRUK0479",2.2102775343568,1.65727336055485,0.668629506771578,2.40008621273072,1.79584078297012,0.771845698099739,2.29631827500125,1.6617423618834,0.634398602889625
"CRUK0419",1.96413773182429,1.82080429696685,0.891202503799544,2.258407444586,2.06203561149995,0.890236376188926,2.022860017221,1.87069518300218,0.889935511397475
"CRUK0403",1.9891014589583,1.67713594585553,0.75388276988874,2.0746176520516,1.74311866057722,0.757649261946381,1.99568960990146,1.68174593909119,0.753133433968598
"CRUK0445",2.00488483183835,1.89315538722018,0.917749720369363,2.03120501996485,1.90957839477426,0.916011089760515,2.00865428128684,1.89614124288153,0.917680129797678
"CRUK0406",2.97909598520246,2.83201300115976,0.953546706368112,3.00999292344065,2.8607625837527,0.9540854111913,2.97909598520246,2.83201300115976,0.953546706368113
"CRUK0444",1.04365326665189,1.03966926823796,0.994482177709036,1.54989028084121,1.4275848682283,0.93856760026146,1.05063068582977,1.04575692176153,0.993291919973036
"CRUK0510",1.93279244870388,1.91757571253108,0.98859681818043,2.68666651790101,2.46988248689311,0.948648692187343,2.05203694986742,2.01671317799927,0.979425350244367
"CRUK0572",1.95174917786092,1.94927865584783,0.998172681413659,2.01860091356786,2.01326260978257,0.997589632525844,1.98734289155452,1.98329437725902,0.997058017075992
"CRUK0513",2.85635856610753,2.67314422068502,0.9385382131415,3.28067061315721,3.01360575127355,0.937006555571776,2.99950361314302,2.78813252539114,0.933080391452054
"CRUK0512",1.99067090829437,1.76847232609936,0.829931118829544,2.60262080076978,2.27954678604076,0.846276882536536,2.14045519876317,1.89350841089134,0.830613450347486
"CRUK0893",1.94905901982363,1.83751015181015,0.914974442743033,2.11106771640364,1.98268379107828,0.915391150314741,1.97328843781745,1.86035147226285,0.914973360550287
"CRUK0034",1.91696516603764,1.81841264787101,0.923855502451403,2.27803609414843,2.12572132610961,0.919128722003943,2.00129052577237,1.89494362578633,0.921573297396995
"CRUK0150",1.95999340079035,1.68040961637994,0.778027401119008,2.33883401670507,1.90656975945955,0.764256427589758,2.00591083175948,1.71117009918337,0.771791069913162
"CRUK0159",1.01097143270193,1.00918589695194,0.997595754871593,1.06734796935381,1.04937576895164,0.986865912781553,1.01189511733845,1.01000133942921,0.99744347910028
"CRUK0063",1.96898244903518,1.78957479664889,0.865870117834828,3.69499366247042,3.26738497777736,0.919362937875776,2.09244144984725,1.88897368721409,0.85841517384056
"CRUK0081",1.94217225925217,1.83992844176456,0.921978493289159,2.1499863971216,2.03022258140139,0.922164613882528,1.97176375467087,1.86557333518745,0.92013236653003
"CRUK0028",1.97384218685237,1.91931382524192,0.95958397688942,2.08701019039183,2.01202568943033,0.954659075055545,1.98034939072033,1.92478762828054,0.958944288868903
"CRUK0092",1,1,1,1,1,1,1,1,1
"CRUK0091",1,1,1,1,1,1,1,1,1
"CRUK0024",2.01193384334166,1.86660302235753,0.892219198900642,2.16703584823587,1.9913714910406,0.889989064318271,2.0492970690686,1.90069245296054,0.892039929936042
"CRUK0026",1.96097049813027,1.91220235114678,0.963667367783431,2.10734037913849,2.04828613429652,0.962311399602653,1.9962784990294,1.94651192130993,0.963578176610398
"CRUK0134",3.01692394743841,2.55152953206637,0.850065378824792,3.02094943342519,2.56184329832121,0.854509611387579,3.03058822570988,2.55833876965157,0.848646762776749
"CRUK0069",2.06863476575544,1.76467654748591,0.7920402984162,2.35391602235644,1.95980057434834,0.804042768846866,2.15696912570217,1.81785552678057,0.784718908110004
"CRUK0016",2.08294716912647,1.85124423872757,0.835617526440349,2.71781007592515,2.2210896761021,0.810053295258726,2.14226610685658,1.90468022612369,0.837295909121336
"CRUK0079",2.0346366907387,1.67554334282866,0.722510925914769,2.17257286816481,1.7720001828907,0.725213508660807,2.06105516234121,1.69759188594298,0.722927151282117
"CRUK0124",1,1,1,1,1,1,1,1,1
"CRUK0008",1.62355732630733,1.61920595498177,0.99612817522846,3.46124340181218,3.35990573733058,0.983201136969277,1.74806753002096,1.72941996380131,0.984527329444186
"CRUK0029",2.00920879978267,1.60352167135985,0.677390771689109,2.16233253397441,1.70577413509915,0.680124153281477,2.02112128194103,1.61243075119598,0.677485184689443
"CRUK0035",1.97476045005385,1.741324480999,0.818702531402478,2.09815206653759,1.83502588886201,0.819142504369144,1.97476045005385,1.741324480999,0.818702531402478
"CRUK0070",2.04749270158957,2.00069723878301,0.969337339724145,2.60088275643532,2.44181220605526,0.952222665634311,2.17198891348349,2.11818503478449,0.968012012975037
"CRUK0067",1.38413531482844,1.36125559008063,0.975952983900221,3.68064117082429,3.07119768068426,0.868387336538579,1.38717922423153,1.36307026479004,0.974705736814771
"CRUK0183",1.96679328760957,1.96583791850527,0.999299041164117,2.10045567367425,2.07975186422041,0.994723106542506,1.99936248549861,1.99771625775284,0.998811629746709
"CRUK0129",2.97419536165535,2.05656642965735,0.664350725357295,3.17122905700068,2.14377939278512,0.659805547622844,2.9768936578811,2.05806390949279,0.664317894308446
"CRUK0173",1.94178201537548,1.687167206242,0.797385827067491,2.54271647198207,2.18543859668725,0.838539211894957,2.07841601806292,1.78474750601632,0.786284666519821
"CRUK0059",1,1,1,1,1,1,1,1,1
"CRUK0002",1.54131748328631,1.43010430411904,0.891956311935985,5.89616399391453,4.31657990612932,0.774531580949467,1.8590189234658,1.5813931155704,0.766654593231913
"CRUK0118",1,1,1,1,1,1,1,1,1
"CRUK0142",1,1,1,1,1,1,1,1,1
"CRUK0115",1.58291944692549,1.53841047110955,0.959343391986908,2.12988666125914,2.04729281748217,0.958077035810788,1.63268204298199,1.58454300143542,0.958289073726461
"CRUK0041",1.9952088815839,1.75135425431782,0.811931141329517,1.9952088815839,1.75135425431782,0.811931141329516,1.9952088815839,1.75135425431782,0.811931141329516
"CRUK0049",1.0018787130728,1.00182497477252,0.999922615324998,1.0678486399458,1.05041394452518,0.986662755679721,1.0018787130728,1.00182497477252,0.999922615324998
"CRUK0006",1.21581653641496,1.19182038889676,0.971241287236557,3.7798707184822,3.62857557412959,0.970085104906557,1.22641514932518,1.20093567454835,0.969711455210341
"CRUK0048",1.93987210798913,1.93689837536068,0.997786719551308,2.06487562709605,2.05693094669828,0.996725610657801,1.9918065904258,1.98761935024155,0.996963927476802
"CRUK0019",1.92260389160561,1.91991323369852,0.997979553856415,2.22638829370253,2.20095786302508,0.990370270947874,1.96883726062363,1.96456910320239,0.996869048660333
"CRUK0232",1,1,1,1.08317466747795,1.05221324635888,0.958161213760899,1,1,1
"CRUK0242",1.99817072841023,1.81501053731148,0.86390864339064,3.27674904864703,2.88396881525941,0.89255061454212,2.20728121549284,2.01180122843848,0.874578348671696
"CRUK0247",1.9685466442847,1.92003547203244,0.964002067268223,2.10923085030715,2.05136132517588,0.965939398364199,1.99458413349927,1.94319003757103,0.962511303440712
"CRUK0372_Tumour1",1.68953656149376,1.66724663510411,0.980839966696958,2.41555822293371,2.31015319136263,0.954469014594487,1.68953656149376,1.66724663510411,0.980839966696958
"CRUK0315",1.00887958776108,1.00797761129081,0.99888184919608,1.05284473505421,1.03738390206189,0.990157437081699,1.00939790521272,1.00855528767228,0.999028658380696
"CRUK0344",1.29021347873798,1.28829890008814,0.997857560309729,4.13250574197139,3.62854979833335,0.895961508300429,1.41673560842191,1.40996858399092,0.993092470542383
"CRUK0322",1.36248025172048,1.32727264653103,0.962229438492653,4.32652825672704,4.11925402471615,0.969747937090362,1.61660284689045,1.53951920735017,0.929514573439201
"CRUK0333",1.98701689800166,1.89671316900466,0.943828940772164,3.18475480221897,2.99685578486047,0.964405162585631,2.1028035639878,2.00788844716863,0.955930407751128
"CRUK0349",1.98289391741494,1.88713139739159,0.952234757842071,5.37267353112024,4.78478607304668,0.928799380810691,2.33724988661099,2.2069353715459,0.946919216590137
"CRUK0314",1.98238889288732,1.90167385510509,0.940029829926785,1.99142328086155,1.9102295269263,0.940100649475152,1.98238889288732,1.90167385510509,0.940029829926785
"CRUK0319",1.71622084909214,1.69577779811936,0.982711926801089,2.52339816036927,2.42442717833778,0.964115916718516,1.76721333689353,1.74610968487639,0.982667975529077
"CRUK0324",1.98462333316499,1.9342128296139,0.962881328886203,2.05576482699794,1.99671344815924,0.961599867270415,1.98894836440525,1.93792195947666,0.962504651806541
"CRUK0487",2.00494793166641,1.9813701489935,0.983873914761547,2.09836851506309,2.04081933034001,0.977714547600994,2.01807130934958,1.99364736567707,0.984005533735719
"CRUK0420",1.04466423977167,1.03965679592415,0.994779694696635,1.46589754058401,1.30117282245119,0.898373367946435,1.06623756852358,1.05882983583011,0.993604916244704
"CRUK0496",1.9525072469867,1.94658961424582,0.995620859769393,2.90745447977796,2.53878048431339,0.914826125308571,1.98043784752629,1.96935943530647,0.993505686397591
"CRUK0407",2.10229959484466,1.77326896465435,0.761454092506985,2.38102246556583,1.88752410114174,0.747676014155628,2.12150987549638,1.78464661729579,0.76006705841358
"CRUK0579",1.02367312652007,1.0206271195335,0.997287485435738,1.0997454357667,1.07198681891109,0.982598293089851,1.02632463953349,1.02301669770886,0.997061474368849
"CRUK0514",1.67650989497408,1.65009347386646,0.977086753899019,2.85415422381953,2.77270661437889,0.975733433541555,1.82886564012199,1.78343694489399,0.963711119251033
"CRUK0525",1.88134535489225,1.88134535489225,1,1.88134535489225,1.88134535489225,1,1.88134535489225,1.88134535489225,1
"CRUK0566",1,1,1,1.00147051269481,1.00100422990203,0.999328127470833,1,1,1
"CRUK0565",1.01506735941842,1.01315972999849,0.998725074755861,1.18094994198736,1.05388900729146,0.919920962555059,1.0163195061675,1.01435218348703,0.998689124518968
"CRUK0519",1.94644108177954,1.82843681999954,0.912183533417923,3.79629386228236,3.38768879549346,0.921685463909239,2.1088684298558,1.96734376561335,0.910793759263776
"CRUK0557",1.96724942318739,1.63031787699635,0.729043324657714,2.26874198921171,1.84035563038685,0.739260554529732,2.02810641527509,1.66817155255791,0.721459367002159
"CRUK0559",1.99456116183685,1.87879511954777,0.914398557065514,2.24150287863091,2.0635988560584,0.922346725455257,2.04961963153826,1.91873698085622,0.908120700339314
"CRUK0516",2.05621410187246,1.93944025907275,0.936568070438921,2.70126858307058,2.45114565948923,0.930131032531442,2.16272839340291,1.96891961035567,0.898549916153407
"CRUK0596",1.06777005081949,1.05556423399759,0.986858627787977,1.36414205072519,1.29230287812121,0.972817214255805,1.07575619671163,1.06059755912056,0.984483549061091
"CRUK0587",1.24542765908647,1.23093737421876,0.98659450888816,5.37098555825979,2.95827868664478,0.667862586723723,1.24542765908647,1.23093737421876,0.98659450888816
"CRUK0548",1.71258872794886,1.71258872794886,1,3.22864599412624,3.03956112514297,0.963050893491185,1.99912821906423,1.98847853182261,0.992293980595573
"CRUK0521",1.93211101871753,1.77213309215411,0.875308964868948,2.07881170332021,1.86954214056037,0.867788940681914,1.93510386419442,1.77453722996935,0.875031839367014
"CRUK0589",1.96781535405861,1.50404889316525,0.6123341613845,2.21925718288911,1.61310076109907,0.599057601536163,2.00222162191705,1.51973018832555,0.602297745112627
"CRUK0684",1.95298848450884,1.93805680357175,0.989654099859902,2.45298453798371,2.34180350953967,0.967497572118781,2.07261854722085,2.04145394623185,0.984696229078135
"CRUK0667",1.13212220532523,1.12106743545542,0.992988608108285,1.60289291523035,1.39929684210303,0.920436706715611,1.14875803197599,1.13625956343764,0.99257013343593
"CRUK0633",1.68447970889525,1.6005594371321,0.926273202702855,5.95506402830185,4.43699251158797,0.830830385978326,2.1072450572279,1.93987327847326,0.888223624755693
"CRUK0687",1.75322442323566,1.69163117863375,0.948404374658369,2.6276218817653,2.49240841580086,0.95764807488777,1.84926634767109,1.7664722038562,0.933918018637731
"CRUK0628",1.61332364358577,1.54430527701881,0.936922089721462,2.90297589209276,2.43523466897638,0.828617842462543,1.67914041916187,1.59138771727365,0.922562487481341
"CRUK0606",1.92921223946572,1.7935505180744,0.895026820597116,2.30624483855616,2.05255031692825,0.879455654174212,2.00845111539562,1.85622668441693,0.887036660420477
"CRUK0640",3.95608663493371,3.79530114086424,0.973173915378088,6.01560752063818,5.57570341321797,0.962369750235422,4.66845610281174,4.43592919343501,0.965343872170122
"CRUK0644",2.85551019701283,2.44228881426876,0.857554971287998,3.06386062644114,2.62265916727149,0.87024166869831,2.97108730047125,2.52250999208304,0.850518067678252
"CRUK0636",1,1,1,1.00849032037302,1.00369828459125,0.993128418170029,1,1,1
"CRUK0655",1.96924559233007,1.9093687683814,0.955452719797806,2.01348558011244,1.94096304514219,0.950848285116105,1.96924559233007,1.9093687683814,0.955452719797806
"CRUK0649",1.99879811134507,1.9975249913476,0.999080793058149,2.00994441040582,2.00296056031203,0.996831731240747,1.9990985157792,1.99767246159192,0.998970488225127
"CRUK0634",1.93580960635509,1.90946560086939,0.984211002032955,5.75768680964727,4.52837748541736,0.862280047985013,2.04235895806873,2.00015493421253,0.973854442961647
"CRUK0731",1.94340155300725,1.94340155300725,1,2.169008283632,2.15154196519064,0.994395423446956,1.9967634007901,1.99097719551962,0.995813300636735
"CRUK0795",1.00071475034965,1.00071378472781,0.99999860789649,1.03880365475556,1.02933277192503,0.991366721945778,1.00072902202274,1.00072804414343,0.999998590245434
"CRUK0706",1.99624460038525,1.51021363191981,0.59780095577372,2.09373698166018,1.57202175229072,0.606874480052743,2.01446235794837,1.52223738474658,0.596478974869415
"CRUK0748",3.04799562649122,2.85301360862704,0.943058997626817,3.15455592836463,2.92826250685653,0.940291544523591,3.08169800892369,2.88292938498842,0.944139885994151
"CRUK0761",2.09142099135212,1.70974328301241,0.736154292851307,9.02134043297352,6.07631062592613,0.821943336469426,2.56439510650907,2.05960595314928,0.748330228883953
"CRUK0762",1.92945315242796,1.70404006142846,0.82087566170533,2.65952842433444,2.17797471886214,0.798625015796349,2.0354905613794,1.78797046021766,0.817632352505424
"CRUK0717",1.96742570370951,1.53711866968519,0.644208687500811,2.58148334727373,1.96034618366748,0.707444216983992,2.10415120573076,1.59915078370561,0.625593066026973
"CRUK0736",1.97427987242602,1.8051110977431,0.870767463574477,2.27332580493309,1.97194783448506,0.864386337212419,1.99933427334259,1.82067313303927,0.865225975187931
"CRUK0737",1.99138203529205,1.98374095606841,0.994453625357318,2.03760139165331,2.0127876986739,0.988847155780439,1.99535493338672,1.98624723300688,0.993399814175208
"CRUK0715",1.95760283917383,1.91506566151109,0.96830575950495,1.95760283917383,1.91506566151109,0.96830575950495,1.95760283917383,1.91506566151109,0.96830575950495
"CRUK0734",1.96559359777453,1.96559359777453,1,2.05478769621146,2.04240247584933,0.994779397120169,1.96559359777453,1.96559359777453,1
"CRUK0772",1.89082043645127,1.85515703865976,0.972528952956677,2.65456345432562,2.44780372674238,0.938670553634975,2.06092014687748,1.98103031413166,0.952605582381928
"CRUK0733",1.12432534796043,1.12197075525355,0.99722725929523,1.75727131157502,1.53365242566662,0.92073530864121,1.13765274693032,1.13507727340717,0.99724071089024
"CRUK0718",2.01394662776926,1.75524899948444,0.80614986134146,2.10640219177575,1.7827216020417,0.794919110389948,2.0199283760917,1.75899891757547,0.806016803572344
"CRUK0764",1.9602290892007,1.8758737121756,0.936540435889134,1.9602290892007,1.8758737121756,0.936540435889134,1.9602290892007,1.8758737121756,0.936540435889134
"CRUK0861",1,1,1,1.00807448751065,1.00386157860593,0.993958106552021,1,1,1
"CRUK0817",1.90680551139218,1.39811617321984,0.552720615451976,2.56708092551669,1.79698544075627,0.558493839695333,1.93290617196247,1.41507035222497,0.551336234985846
"CRUK0810",2.32550679195214,2.00716057876233,0.832395187745594,3.91616125421283,2.90733598643165,0.819412405150273,2.65836125732375,2.21763966181793,0.819015083104165
"CRUK0881_Tumour1",2.30072015727599,1.93916974221418,0.840083080806651,5.19570883216114,4.15833795998422,0.850175931796595,2.41945591674778,2.01187741267386,0.822486629283326
"CRUK0555_Tumour2",1.97734656837479,1.96739450387197,0.992759310230297,2.14904672896226,2.12984042673203,0.991529549387362,2.02071664170391,2.01019854235895,0.993241826922461
"CRUK0552",1.99686457801906,1.77074028248079,0.826665338560745,2.0937808258212,1.8331887789346,0.822546966976251,2.01020035449115,1.78221232274486,0.826492560969717
"CRUK0614",1.90871166698043,1.83387019995228,0.947497852450764,2.42477009073421,2.27901797726723,0.945294650962503,1.98363186466092,1.8830734583229,0.937600707864571
"CRUK0864",1.01470179895991,1.01466408763891,0.999961039642352,1.1025129168838,1.07506154038764,0.983470415425917,1.01531294913828,1.01526713770663,0.999949561702969
"CRUK0206",1,1,1,1,1,1,1,1,1
"CRUK0447",1.5522056951699,1.52575452876377,0.979602331346242,3.31040403820209,2.97515960346663,0.929368983322329,1.580928689621,1.54651415407235,0.975771408957352
"CRUK0250",1.00809686146182,1.00759507563876,0.999281711733675,1.0844325188148,1.07113906221589,0.989643258276988,1.00890485135225,1.00834389547473,0.99919763164084
"CRUK0495",2.12605857559818,1.84496634256774,0.843798520489837,6.14234588722344,5.03124446902509,0.890796928432674,2.76415081871494,2.309381836825,0.823594509294152
"CRUK0377",1.98672081646687,1.90433886305543,0.93890106602341,2.0402175098086,1.94997445787744,0.937633275744157,1.99766029587548,1.91460560190285,0.938735963349525
"CRUK0385",1.98865824133113,1.983822699628,0.996628242470329,2.22256834698887,2.17408406350763,0.98878842714984,2.05195999201558,2.04343209715496,0.996114846012915
"CRUK0463",1.95154338780868,1.7916951312643,0.884116259022146,3.30466255747552,2.78941572867119,0.862100388109953,2.24687745956466,2.03945546682495,0.880104370120305
"CRUK0476",1.98616268201173,1.77159542333966,0.835923881137903,3.09075948041349,2.63395607207302,0.850933406029505,2.21520283882349,1.95303723618947,0.825203520736321
"CRUK0563",1.99710475100797,1.65252245234582,0.727154968068595,2.09696593232347,1.70399986015183,0.723393234590164,1.99720322655187,1.65259790195473,0.727149699717222
"CRUK0550",1.97003888613348,1.97003888613348,1,1.97628849079137,1.97530776979261,0.99954818727273,1.97003888613348,1.97003888613348,1
"CRUK0528",1.00575930034479,1.00542763620623,0.999524171320342,1.03297492244594,1.02463121454706,0.993032440666977,1.00617374040795,1.00576249830679,0.999410222911841
"CRUK0511",1.93223704211015,1.82484368242767,0.91750079554546,2.55959291849575,2.30708517143184,0.902461157298274,1.97138137500617,1.85537981667601,0.912507651646838
"CRUK0666",2.80094441401686,2.68012538186233,0.958537787727981,3.3965606400384,3.21072872611926,0.959881350394262,2.8947984557764,2.75851257253124,0.953155069941355
"CRUK0678",1.90435452183425,1.76757210623267,0.892466988242528,2.62429040709224,2.38806042614537,0.890930383692025,2.00505797847529,1.84791476678428,0.884279014411981
"CRUK0787",1.10042455624989,1.08838076135727,0.984123121057972,2.15092516709244,1.60762065280052,0.756867377840489,1.10637644021803,1.09424022481566,0.98408715560132
"CRUK0872",2.9881007992108,2.56469932052027,0.860890126305881,3.03123821081341,2.59904437329423,0.860993313256115,2.99704581495166,2.5722714249339,0.86090359593705
