"CRUK0704_SU_T1.R1_cov","CRUK0704_SU_T1.R2_cov","CRUK0704_SU_T1.R1_var_count","CRUK0704_SU_T1.R2_var_count","CRUK0704_SU_T1.R1_VAF","CRUK0704_SU_T1.R2_VAF","CRUK0704_SU_T1.R1_PhyloCCF","CRUK0704_SU_T1.R2_PhyloCCF","CRUK0704_SU_T1.R1_PycloneCCF","CRUK0704_SU_T1.R2_PycloneCCF","CRUK0704_SU_T1.R1_Pyclone_0.05","CRUK0704_SU_T1.R2_Pyclone_0.05","CRUK0704_SU_T1.R1_Pyclone_0.95","CRUK0704_SU_T1.R2_Pyclone_0.95","CRUK0704_SU_T1.R1_cpn.copies","CRUK0704_SU_T1.R2_cpn.copies","CRUK0704_SU_T1.R1_mut.cpn.num","CRUK0704_SU_T1.R2_mut.cpn.num","CRUK0704_SU_T1.R1_nAraw","CRUK0704_SU_T1.R2_nAraw","CRUK0704_SU_T1.R1_nBraw","CRUK0704_SU_T1.R2_nBraw","PycloneCluster"
388,361,0,13,0,0.03601108033241,0,0.308144604749959,0,0.308144604749959,0,0.308144604749959,0,0.308144604749959,1,1,0,0.308144604749959,2,2,2,2,3
631,617,196,177,0.310618066561014,0.286871961102107,1.01641912466068,1.07928291780917,1.01641912466068,1.07928291780917,1.01641912466068,1.07928291780917,1.01641912466068,1.07928291780917,1,1,2.09944888154297,2.44440602964898,2,2,2,2,1
551,563,50,0,0.0907441016333938,0,0.612228381546897,0,0.612228381546897,0,0.612228381546897,0,0.612228381546897,0,1,1,0.612228381546897,0,2,2,2,2,9
639,616,210,177,0.328638497652582,0.287337662337662,1.07540595146614,1.08536419958657,1.07540595146614,1.08536419958657,1.07540595146614,1.08536419958657,1.07540595146614,1.08536419958657,1,1,2.21724400716092,2.47952759613621,2,2,2,2,1
1212,1064,370,292,0.305280528052805,0.274436090225564,0.998971511492768,1.03663092746716,0.998971511492768,1.03663092746716,0.998971511492768,1.03663092746716,0.998971511492768,1.03663092746716,1,1,2.05965346775521,2.36819584858445,2,2,2,2,1
272,259,12,0,0.0441176470588235,0,0.297651033734418,0,0.297651033734418,0,0.297651033734418,0,0.297651033734418,0,1,1,0.297651033734418,0,2,2,2,2,2
740,686,210,155,0.283783783783784,0.225947521865889,0.957310081470155,0.974886325703273,0.957310081470155,0.974886325703273,0.957310081470155,0.974886325703273,0.957310081470155,0.974886325703273,1,1,1.91462016294031,1.94977265140655,2,2,2,2,1
141,143,39,33,0.276595744680851,0.230769230769231,0.933062105749026,0.995690351512326,0.933062105749026,0.995690351512326,0.933062105749026,0.995690351512326,0.933062105749026,0.995690351512326,1,1,1.86612421149805,1.99138070302465,2,2,2,2,1
814,711,128,100,0.157248157248157,0.140646976090014,0.999191061401226,0.945093360397018,0.999191061401226,0.945093360397018,0.999191061401226,0.945093360397018,0.999191061401226,0.945093360397018,1,1,1.06091506864225,1.21368725453917,2,2,2,2,1
362,286,48,0,0.132596685082873,0,1.0987915592792,0,1.0987915592792,0,1.0987915592792,0,1.0987915592792,0,1,1,1.0987915592792,0,2,2,2,2,5
211,178,38,6,0.180094786729858,0.0337078651685393,1.1350769882239,0.289770395737299,1.1350769882239,0.289770395737299,1.1350769882239,0.289770395737299,1.1350769882239,0.289770395737299,1,1,1.21809094208316,0.289770395737299,2,2,2,2,4
1383,1302,199,60,0.143890093998554,0.0460829493087558,0.944675900378394,0.396593719619321,0.944675900378394,0.396593719619321,0.944675900378394,0.396593719619321,0.944675900378394,0.396593719619321,1,1,0.944675900378394,0.396593719619321,2,2,2,2,4
131,103,14,6,0.106870229007634,0.058252427184466,0.86177972944223,0.5323791081133,0.86177972944223,0.5323791081133,0.86177972944223,0.5323791081133,0.86177972944223,0.5323791081133,1,1,0.86177972944223,0.5323791081133,2,2,2,2,4
188,168,54,49,0.287234042553192,0.291666666666667,0.970902263523546,1.10031277258653,0.970902263523546,1.10031277258653,0.970902263523546,1.10031277258653,0.970902263523546,1.10031277258653,1,1,1.88576621383672,2.50625197814987,2,2,2,2,1
1407,1271,0,32,0,0.025177025963808,0,0.216342758145341,0,0.216342758145341,0,0.216342758145341,0,0.216342758145341,1,1,0,0.216342758145341,2,2,2,2,7
179,170,25,19,0.139664804469274,0.111764705882353,0.903528217763353,0.947953161631326,0.903528217763353,0.947953161631326,0.903528217763353,0.947953161631326,0.903528217763353,0.947953161631326,1,1,0.903528217763353,0.947953161631326,2,3,2,2,1
418,434,59,0,0.141148325358852,0,0.950849497014024,0,0.950849497014024,0,0.950849497014024,0,0.950849497014024,0,1,1,0.950849497014024,0,2,2,2,2,5
775,671,1,15,0.00129032258064516,0.022354694485842,0,0.19293735950662,0,0.19293735950662,0,0.19293735950662,0,0.19293735950662,1,1,0.00869229283218944,0.19293735950662,2,2,2,2,7
165,139,31,11,0.187878787878788,0.079136690647482,1.1860350031159,0.683007506243819,1.1860350031159,0.683007506243819,1.1860350031159,0.683007506243819,1.1860350031159,0.683007506243819,1,1,1.2656505169294,0.683007506243819,2,2,2,2,1
683,627,102,79,0.149341142020498,0.125996810207337,0.982611471214356,1.09001594262011,0.982611471214356,1.09001594262011,0.982611471214356,1.09001594262011,0.982611471214356,1.09001594262011,1,1,0.982611471214356,1.09001594262011,2,2,2,2,1
655,605,31,0,0.0473282442748092,0,0.309297379447712,0,0.309297379447712,0,0.309297379447712,0,0.309297379447712,0,1,1,0.309297379447712,0,2,2,2,2,2
97,94,17,5,0.175257731958763,0.0531914893617021,1.16074521480861,0.465684024275938,1.16074521480861,0.465684024275938,1.16074521480861,0.465684024275938,1.16074521480861,0.465684024275938,1,1,1.16074521480861,0.465684024275938,2,2,2,2,4
427,401,16,0,0.0374707259953162,0,0.253050410802769,0,0.253050410802769,0,0.253050410802769,0,0.253050410802769,0,1,1,0.253050410802769,0,2,2,2,2,2
89,75,27,15,0.303370786516854,0.2,1.00446760300826,0.874186538285805,1.00446760300826,0.874186538285805,1.00446760300826,0.874186538285805,1.00446760300826,0.874186538285805,1,1,2.0487487262255,1.74837307657161,2,2,2,2,1
337,309,20,0,0.0593471810089021,0,0.400788299008836,0,0.400788299008836,0,0.400788299008836,0,0.400788299008836,0,1,1,0.400788299008836,0,2,2,2,2,2
156,132,43,45,0.275641025641026,0.340909090909091,0.930740903996321,1.27063337064689,0.930740903996321,1.27063337064689,0.930740903996321,1.27063337064689,0.930740903996321,1.27063337064689,1,1,1.86148180799264,2.98018138051979,2,2,2,2,1
392,377,104,89,0.26530612244898,0.236074270557029,0.901852770889043,1.02559581096346,0.901852770889043,1.02559581096346,0.901852770889043,1.02559581096346,0.901852770889043,1.02559581096346,1,1,1.75852363687872,2.05119162192693,2,2,2,2,1
586,433,22,0,0.037542662116041,0,0.24884332903062,0,0.24884332903062,0,0.24884332903062,0,0.24884332903062,0,1,1,0.24884332903062,0,2,2,2,2,2
745,736,33,0,0.0442953020134228,0,0.29683046689522,0,0.29683046689522,0,0.29683046689522,0,0.29683046689522,0,1,1,0.29683046689522,0,2,2,2,2,2
428,388,0,30,0,0.077319587628866,0,0.671007995541858,0,0.671007995541858,0,0.671007995541858,0,0.671007995541858,1,1,0,0.671007995541858,2,2,2,2,6
670,580,0,33,0,0.0568965517241379,0,0.493769331891836,0,0.493769331891836,0,0.493769331891836,0,0.493769331891836,1,1,0,0.493769331891836,2,2,2,2,3
170,146,45,38,0.264705882352941,0.26027397260274,0.886919911110718,0.989039461067605,0.886919911110718,0.989039461067605,0.886919911110718,0.989039461067605,0.886919911110718,0.989039461067605,1,1,1.77383982222144,2.25875385531259,2,2,2,2,1
488,429,74,0,0.151639344262295,0,1.01852169759935,0,1.01852169759935,0,1.01852169759935,0,1.01852169759935,0,1,1,1.01852169759935,0,2,2,2,2,5
865,843,273,222,0.315606936416185,0.263345195729537,1.03956685609481,1.06519921382007,1.03956685609481,1.06519921382007,1.03956685609481,1.06519921382007,1.03956685609481,1.06519921382007,1,1,2.10085213614549,2.28677371287299,2,2,2,2,1
63,53,29,15,0.46031746031746,0.283018867924528,1.51554696495253,1.08310130150827,1.51554696495253,1.08310130150827,1.51554696495253,1.08310130150827,1.51554696495253,1.08310130150827,1,1,3.09716253133658,2.38197912945111,2,2,2,2,1
526,481,14,0,0.026615969581749,0,0.179080723262021,0,0.179080723262021,0,0.179080723262021,0,0.179080723262021,0,1,1,0.179080723262021,0,2,2,2,2,2
730,724,222,174,0.304109589041096,0.240331491712707,1.01425043739768,1.01417733155709,1.01425043739768,1.01417733155709,1.01425043739768,1.01417733155709,1.01425043739768,1.01417733155709,1,1,2.02850087479536,2.02835466311419,2,2,2,2,1
273,228,42,10,0.153846153846154,0.043859649122807,0.998258257082448,0.357732394984134,0.998258257082448,0.357732394984134,0.998258257082448,0.357732394984134,0.998258257082448,0.357732394984134,1,1,1.00927674947704,0.357732394984134,2,2,2,2,4
116,84,24,12,0.206896551724138,0.142857142857143,0.878305813871176,1.07029668627054,0.878305813871176,1.07029668627054,0.878305813871176,1.07029668627054,0.878305813871176,1.07029668627054,1,1,1.66711082808671,1.23926482028276,2,2,2,2,1
345,283,102,78,0.295652173913043,0.275618374558304,0.972652399007373,1.04554899630657,0.972652399007373,1.04554899630657,0.972652399007373,1.04554899630657,0.972652399007373,1.04554899630657,1,1,1.94530479801475,2.34940980498868,2,2,2,2,1
772,687,143,36,0.185233160621762,0.0524017467248908,1.14622040231495,0.445421740147247,1.14622040231495,0.445421740147247,1.14622040231495,0.445421740147247,1.14622040231495,0.445421740147247,1,1,1.24320385799081,0.445421740147247,2,2,2,2,4
401,372,1,10,0.00249376558603491,0.0268817204301075,0,0.231962244428951,0,0.231962244428951,0,0.231962244428951,0,0.231962244428951,1,1,0.0163123462366994,0.231962244428951,2,2,2,2,7
366,309,12,0,0.0327868852459016,0,0.213932409661632,0,0.213932409661632,0,0.213932409661632,0,0.213932409661632,0,1,1,0.213932409661632,0,2,2,2,2,2
233,194,69,57,0.296137339055794,0.293814432989691,1.0104949744024,1.07419671104647,1.0104949744024,1.07419671104647,1.0104949744024,1.07419671104647,1.0104949744024,1.07419671104647,1,1,2.0209899488048,2.51504295912801,2,2,2,2,1
334,294,0,18,0,0.0612244897959184,0,0.52407984325546,0,0.52407984325546,0,0.52407984325546,0,0.52407984325546,1,1,0,0.52407984325546,2,2,2,2,3
915,868,304,205,0.33224043715847,0.236175115207373,1.09529116868452,1.00303271153392,1.09529116868452,1.00303271153392,1.09529116868452,1.00303271153392,1.09529116868452,1.00303271153392,1,1,2.22039447451177,2.00606542306784,2,2,2,2,1
272,236,0,12,0,0.0508474576271186,0,0.431399434923477,0,0.431399434923477,0,0.431399434923477,0,0.431399434923477,1,1,0,0.431399434923477,2,2,2,2,3
467,412,1,17,0.00214132762312634,0.0412621359223301,0,0.350075755039036,0,0.350075755039036,0,0.350075755039036,0,0.350075755039036,1,1,0.014310696383539,0.350075755039036,2,2,2,2,3
384,369,48,19,0.125,0.0514905149051491,0.835437681123524,0.434630262649082,0.835437681123524,0.434630262649082,0.835437681123524,0.434630262649082,0.835437681123524,0.434630262649082,1,1,0.835437681123524,0.434630262649082,2,2,2,2,4
387,316,115,68,0.297157622739018,0.215189873417722,0.993026701077057,0.908206408260391,0.993026701077057,0.908206408260391,0.993026701077057,0.908206408260391,0.993026701077057,0.908206408260391,1,1,1.98605340215411,1.81641281652078,2,2,2,2,1
211,163,54,51,0.255924170616114,0.312883435582822,0.85501164596293,1.14602583711894,0.85501164596293,1.14602583711894,0.85501164596293,1.14602583711894,0.85501164596293,1.14602583711894,1,1,1.71002329192586,2.62319464851688,2,2,2,2,1
419,360,114,79,0.272076372315036,0.219444444444444,0.908974194819779,0.919904071049888,0.908974194819779,0.919904071049888,0.908974194819779,0.919904071049888,0.908974194819779,0.919904071049888,1,1,1.81794838963956,1.83980814209978,2,2,2,2,1
348,297,95,58,0.272988505747126,0.195286195286195,0.912021522101263,0.818633465606344,0.912021522101263,0.818633465606344,0.912021522101263,0.818633465606344,0.912021522101263,0.818633465606344,1,1,1.82404304420253,1.63726693121269,2,2,2,2,1
185,175,39,0,0.210810810810811,0,1.35664638365012,0,1.35664638365012,0,1.35664638365012,0,1.35664638365012,0,1,1,1.40858675367947,0,2,2,2,2,5
395,355,112,102,0.283544303797468,0.287323943661972,0.947287164434879,1.05240682507261,0.947287164434879,1.05240682507261,0.947287164434879,1.05240682507261,0.947287164434879,1.05240682507261,1,1,1.89457432886976,2.4089055082155,2,2,2,2,1
217,195,73,50,0.336405529953917,0.256410256410256,1.10277968342787,1.05669849052151,1.10277968342787,1.05669849052151,1.10277968342787,1.05669849052151,1.10277968342787,1.05669849052151,1,1,2.24778023259379,2.14972713779915,2,2,2,2,1
128,83,38,12,0.296875,0.144578313253012,0.986413880436622,0.947774070313864,0.986413880436622,0.947774070313864,0.986413880436622,0.947774070313864,0.986413880436622,0.947774070313864,1,1,2.0373141863611,1.18188270288915,2,2,2,2,1
200,185,52,43,0.26,0.232432432432432,1.11078852521742,1.09650801524048,1.11078852521742,1.09650801524048,1.11078852521742,1.09650801524048,1.11078852521742,1.09650801524048,1,1,1.47955907074724,1.80384088419214,2,2,1,2,1
117,113,32,33,0.273504273504274,0.292035398230089,0.952324304575959,1.10980258929306,0.952324304575959,1.10980258929306,0.952324304575959,1.10980258929306,0.952324304575959,1.10980258929306,1,1,1.5506583795676,2.25509654339606,2,2,1,2,1
475,463,108,91,0.227368421052632,0.196544276457883,0.929261004823181,0.931449511563338,0.929261004823181,0.931449511563338,0.929261004823181,0.931449511563338,0.929261004823181,0.931449511563338,1,1,1.29180638740877,1.51771436322676,2,2,1,2,1
294,297,0,24,0,0.0808080808080808,0,0.623999778154281,0,0.623999778154281,0,0.623999778154281,0,0.623999778154281,1,1,0,0.623999778154281,2,2,1,2,6
891,806,238,206,0.267115600448934,0.255583126550869,0.930079355542303,0.986806100781515,0.930079355542303,0.986806100781515,0.930079355542303,0.986806100781515,0.930079355542303,0.986806100781515,1,1,1.51443719267113,1.97361220156303,2,2,1,2,1
1096,990,0,45,0,0.0454545454545455,0,0.351565839431469,0,0.351565839431469,0,0.351565839431469,0,0.351565839431469,1,1,0,0.351565839431469,2,2,1,2,3
284,255,55,0,0.193661971830986,0,1.10251471060178,0,1.10251471060178,0,1.10251471060178,0,1.10251471060178,0,1,1,1.10251471060178,0,2,2,1,2,5
513,446,30,0,0.0584795321637427,0,0.332923102403941,0,0.332923102403941,0,0.332923102403941,0,0.332923102403941,0,1,1,0.332923102403941,0,2,2,1,2,2
743,701,0,15,0,0.021398002853067,0,0.1655017503743,0,0.1655017503743,0,0.1655017503743,0,0.1655017503743,1,1,0,0.1655017503743,2,2,1,2,7
510,553,15,0,0.0294117647058824,0,0.167121493770763,0,0.167121493770763,0,0.167121493770763,0,0.167121493770763,0,1,1,0.167121493770763,0,2,2,1,2,2
515,474,151,88,0.293203883495146,0.185654008438819,1.04588268876326,0.873401101081886,1.04588268876326,0.873401101081886,1.04588268876326,0.873401101081886,1.04588268876326,0.873401101081886,1,1,1.66602281362932,1.47552582029279,2,2,1,2,1
443,379,31,0,0.0699774266365688,0,0.398063505881937,0,0.398063505881937,0,0.398063505881937,0,0.398063505881937,0,1,1,0.398063505881937,0,2,2,1,2,2
388,376,1,14,0.00257731958762887,0.0372340425531915,0,0.298031654886465,0,0.298031654886465,0,0.298031654886465,0,0.298031654886465,1,1,0.0145593890739526,0.298031654886465,2,2,1,2,3
654,552,176,171,0.269113149847095,0.309782608695652,0.99317854566428,1.23979317304478,0.99317854566428,1.23979317304478,0.99317854566428,1.23979317304478,0.99317854566428,1.23979317304478,1,1,1.51631362172028,2.47958634608957,2,2,1,2,1
444,449,104,117,0.234234234234234,0.260579064587973,0.944254756518383,1.03300363938403,0.944254756518383,1.03300363938403,0.944254756518383,1.03300363938403,0.944254756518383,1.03300363938403,1,1,1.33662577148867,2.06600727876807,2,2,1,2,1
866,797,32,0,0.0369515011547344,0,0.2103838041462,0,0.2103838041462,0,0.2103838041462,0,0.2103838041462,0,1,1,0.2103838041462,0,2,2,1,2,2
425,427,104,81,0.244705882352941,0.189695550351288,0.984246722676808,0.909731978333135,0.984246722676808,0.909731978333135,0.984246722676808,0.909731978333135,0.984246722676808,0.909731978333135,1,1,1.39323580416348,1.50400565907076,2,2,1,2,1
571,510,25,0,0.0437828371278459,0,0.248429741135371,0,0.248429741135371,0,0.248429741135371,0,0.248429741135371,0,1,1,0.248429741135371,0,2,2,2,2,2
951,877,0,38,0,0.0433295324971494,0,0.340789593602538,0,0.340789593602538,0,0.340789593602538,0,0.340789593602538,1,1,0,0.340789593602538,2,2,2,2,3
687,701,102,46,0.148471615720524,0.065620542082739,0.842448033956696,0.5161098350144,0.842448033956696,0.5161098350144,0.842448033956696,0.5161098350144,0.842448033956696,0.5161098350144,1,1,0.842448033956696,0.5161098350144,2,2,2,2,4
220,218,85,51,0.386363636363636,0.23394495412844,1.14096208980885,0.993174411797088,1.14096208980885,0.993174411797088,1.14096208980885,0.993174411797088,1.14096208980885,0.993174411797088,1,1,2.07218842208963,1.69360231220413,2,2,1,1,1
693,557,0,17,0,0.0305206463195691,0,0.23526046683766,0,0.23526046683766,0,0.23526046683766,0,0.23526046683766,1,1,0,0.23526046683766,2,2,2,2,7
599,510,32,0,0.0534223706176962,0,0.356395526226294,0,0.356395526226294,0,0.356395526226294,0,0.356395526226294,0,1,1,0.356395526226294,0,2,2,2,2,2
620,558,184,166,0.296774193548387,0.297491039426523,0.997233837842352,1.03443158220087,0.997233837842352,1.03443158220087,0.997233837842352,1.03443158220087,0.997233837842352,1.03443158220087,1,1,1.97986337291115,2.40288493453465,2,2,2,2,1
268,248,82,75,0.305970149253731,0.30241935483871,1.00317058318175,1.05582561131424,1.00317058318175,1.05582561131424,1.00317058318175,1.05582561131424,1.00317058318175,1.05582561131424,1,1,2.04121215685437,2.45258120360654,2,2,2,2,1
373,335,49,1,0.131367292225201,0.00298507462686567,0.863460187465654,0,0.863460187465654,0,0.863460187465654,0,0.863460187465654,0,1,1,0.863460187465654,0.0241288590065102,2,2,2,2,5
179,142,41,26,0.229050279329609,0.183098591549296,0.77478913555745,0.857915477957084,0.77478913555745,0.857915477957084,0.77478913555745,0.857915477957084,0.77478913555745,0.857915477957084,1,1,1.5495782711149,1.45334767191943,2,2,2,2,1
565,427,168,89,0.297345132743363,0.208430913348946,0.996841892894439,0.85479532874283,0.996841892894439,0.85479532874283,0.996841892894439,0.85479532874283,0.996841892894439,0.85479532874283,1,1,1.99368378578888,1.68927587882686,2,2,2,2,1
988,1005,279,218,0.282388663967611,0.216915422885572,0.949360816991973,0.998707904092115,0.949360816991973,0.998707904092115,0.949360816991973,0.998707904092115,0.949360816991973,0.998707904092115,1,1,1.89872163398395,1.99741580818423,2,3,2,2,1
235,235,67,59,0.285106382978723,0.251063829787234,0.958497500825146,1.06266677641319,0.958497500825146,1.06266677641319,0.958497500825146,1.06266677641319,0.958497500825146,1.06266677641319,1,1,1.91699500165029,2.31186356326925,2,3,2,2,1
297,287,87,102,0.292929292929293,0.355400696864112,0.984797296566164,1.10110299997207,0.984797296566164,1.10110299997207,0.984797296566164,1.10110299997207,0.984797296566164,1.10110299997207,1,1,1.96959459313233,3.27262561929747,2,3,2,2,1
424,382,135,95,0.318396226415094,0.24869109947644,1.05119060855612,1.05262382569104,1.05119060855612,1.05262382569104,1.05119060855612,1.05262382569104,1.05119060855612,1.05262382569104,1,1,2.14082886607137,2.29001482163396,2,3,2,2,1
189,188,10,0,0.0529100529100529,0,0.355756002043606,0,0.355756002043606,0,0.355756002043606,0,0.355756002043606,0,1,1,0.355756002043606,0,2,3,2,2,2
239,217,52,1,0.217573221757322,0.00460829493087558,1.20282596893977,0,1.20282596893977,0,1.20282596893977,0,1.20282596893977,0,1,1,1.23900745489988,0.0353058436618687,2,2,1,2,5
172,147,39,21,0.226744186046512,0.142857142857143,1.25352648216543,1.00931940447955,1.25352648216543,1.00931940447955,1.25352648216543,1.00931940447955,1.25352648216543,1.00931940447955,1,1,1.29123305983025,1.09448115351793,2,2,1,2,1
578,577,99,111,0.171280276816609,0.192374350086655,0.977074903025796,0.971949178594068,0.977074903025796,0.971949178594068,0.977074903025796,0.971949178594068,0.977074903025796,0.971949178594068,1,1,0.977074903025796,1.47385070413073,2,2,1,2,1
238,197,48,0,0.201680672268908,0,1.11496602421437,0,1.11496602421437,0,1.11496602421437,0,1.11496602421437,0,1,1,1.14850464791624,0,2,2,1,2,5
488,354,203,124,0.415983606557377,0.350282485875706,1.11536907671951,1.00185845466589,1.11536907671951,1.00185845466589,1.11536907671951,1.00185845466589,1.11536907671951,1.00185845466589,1,1,3.09940023721744,3.22625880835012,3,3,2,2,1
533,505,198,157,0.371482176360225,0.310891089108911,1.06708776282668,1.10578302548519,1.06708776282668,1.10578302548519,1.06708776282668,1.10578302548519,1.06708776282668,1.10578302548519,1,1,2.07508580494134,2.37743488866551,2,2,1,1,1
404,387,20,0,0.0495049504950495,0,0.276532836792113,0,0.276532836792113,0,0.276532836792113,0,0.276532836792113,0,1,1,0.276532836792113,0,2,2,1,1,2
783,669,98,40,0.125159642401022,0.0597907324364723,0.873744109736235,0.49798704021929,0.873744109736235,0.49798704021929,0.873744109736235,0.49798704021929,0.873744109736235,0.49798704021929,1,1,0.873744109736235,0.49798704021929,2,2,1,2,4
341,265,127,83,0.372434017595308,0.313207547169811,0.931849248827148,0.957814488747234,0.931849248827148,0.957814488747234,0.931849248827148,0.957814488747234,0.931849248827148,0.957814488747234,1,1,2.77025443058821,2.80465709665784,3,3,2,2,1
54,54,15,10,0.277777777777778,0.185185185185185,0.996519670494447,0.931561948815173,0.996519670494447,0.931561948815173,0.996519670494447,0.931561948815173,0.996519670494447,0.931561948815173,1,1,2.10723270810576,1.66466248985256,3,3,2,2,1
387,324,152,123,0.392764857881137,0.37962962962963,1.05646464502511,1.2244739825432,1.05646464502511,1.2244739825432,1.05646464502511,1.2244739825432,1.05646464502511,1.2244739825432,1,1,2.97952903843791,3.41255810419775,3,3,2,2,1
593,474,145,77,0.244519392917369,0.162447257383966,1.00811724279112,0.894706438751532,1.00811724279112,0.894706438751532,1.00811724279112,0.894706438751532,1.00811724279112,0.894706438751532,1,1,1.95709701658145,1.53622197572142,2,3,2,2,1
296,267,60,39,0.202702702702703,0.146067415730337,0.835713222239233,1.24015437769397,0.835713222239233,1.24015437769397,0.835713222239233,1.24015437769397,0.835713222239233,1.24015437769397,1,1,1.62240241961715,1.38132202165407,2,3,2,2,1
324,314,0,13,0,0.0414012738853503,0,0.370627289188662,0,0.370627289188662,0,0.370627289188662,0,0.370627289188662,1,1,0,0.370627289188662,2,3,2,2,3
203,214,57,58,0.280788177339901,0.271028037383178,0.980473775609235,0.872382722908452,0.980473775609235,0.872382722908452,0.980473775609235,0.872382722908452,0.980473775609235,0.872382722908452,1,1,1.8111663440257,2.38823357619231,2,3,2,2,1
541,465,69,28,0.127541589648799,0.0602150537634409,0.827807963285035,0.532994831718696,0.827807963285035,0.532994831718696,0.827807963285035,0.532994831718696,0.827807963285035,0.532994831718696,1,1,0.827807963285035,0.532994831718696,2,3,2,2,4
315,250,34,0,0.107936507936508,0,0.62745027162886,0,0.62745027162886,0,0.62745027162886,0,0.62745027162886,0,1,1,0.62745027162886,0,2,2,1,2,9
286,232,42,38,0.146853146853147,0.163793103448276,0.984922394708269,1.12331009187762,0.984922394708269,1.12331009187762,0.984922394708269,1.12331009187762,0.984922394708269,1.12331009187762,1,1,0.984922394708269,1.39007795650688,2,2,2,2,1
876,711,162,117,0.184931506849315,0.164556962025316,1.43063104916495,1.09720967866675,1.43063104916495,1.09720967866675,1.43063104916495,1.09720967866675,1.43063104916495,1.09720967866675,1,1,1.54553697402768,1.52313030915298,2,2,2,2,1
471,407,126,107,0.267515923566879,0.262899262899263,0.906107707473549,0.998836608290136,0.906107707473549,0.998836608290136,0.906107707473549,0.998836608290136,0.906107707473549,0.998836608290136,1,1,1.74395755327641,2.25539771980411,2,2,2,2,1
519,420,0,29,0,0.069047619047619,0,0.604671610714041,0,0.604671610714041,0,0.604671610714041,0,0.604671610714041,1,1,0,0.604671610714041,2,2,2,2,6
594,554,177,129,0.297979797979798,0.232851985559567,0.992865269957481,1.02242155496943,0.992865269957481,1.02242155496943,0.992865269957481,1.02242155496943,0.992865269957481,1.02242155496943,1,1,1.98573053991496,2.04484310993887,2,2,2,2,1
976,939,136,58,0.139344262295082,0.0617678381256656,0.948959510427258,0.538016675594144,0.948959510427258,0.538016675594144,0.948959510427258,0.538016675594144,0.948959510427258,0.538016675594144,1,1,0.948959510427258,0.538016675594144,2,2,2,2,4
188,150,54,45,0.287234042553192,0.3,0.97805776825638,1.09357847840407,0.97805776825638,1.09357847840407,0.97805776825638,1.09357847840407,0.97805776825638,1.09357847840407,1,1,1.95611553651276,2.61309133646328,2,2,2,2,1
540,477,152,113,0.281481481481481,0.236897274633124,0.942375242503906,1.04943541431923,0.942375242503906,1.04943541431923,0.942375242503906,1.04943541431923,0.942375242503906,1.04943541431923,1,1,1.88475048500781,2.09887082863845,2,2,2,2,1
254,221,12,0,0.047244094488189,0,0.312545007940633,0,0.312545007940633,0,0.312545007940633,0,0.312545007940633,0,1,1,0.312545007940633,0,2,2,2,2,2
214,208,76,48,0.355140186915888,0.230769230769231,1.18795237905299,0.983950453717229,1.18795237905299,0.983950453717229,1.18795237905299,0.983950453717229,1.18795237905299,0.983950453717229,1,1,2.34026617870254,1.96790090743446,2,2,2,2,1
122,93,15,3,0.122950819672131,0.032258064516129,0.8102086317553,0.275082922544602,0.8102086317553,0.275082922544602,0.8102086317553,0.275082922544602,0.8102086317553,0.275082922544602,1,1,0.8102086317553,0.275082922544602,2,2,2,2,4
287,236,95,74,0.331010452961672,0.313559322033898,1.10723784458772,1.19192428859259,1.10723784458772,1.19192428859259,1.10723784458772,1.19192428859259,1.10723784458772,1.19192428859259,1,1,2.18125854635167,2.67389925558185,2,2,2,2,1
279,226,72,61,0.258064516129032,0.269911504424779,0.863908145903375,1.00871360877113,0.863908145903375,1.00871360877113,0.863908145903375,1.00871360877113,0.863908145903375,1.00871360877113,1,1,1.71355103500399,2.33866839395824,2,2,2,2,1
370,312,0,13,0,0.0416666666666667,0,0.361023946061859,0,0.361023946061859,0,0.361023946061859,0,0.361023946061859,1,1,0,0.361023946061859,2,2,2,2,3
394,345,53,0,0.134517766497462,0,0.893199349781585,0,0.893199349781585,0,0.893199349781585,0,0.893199349781585,0,1,1,0.893199349781585,0,2,2,2,2,5
394,387,48,18,0.121827411167513,0.0465116279069767,0.808335925416913,0.400302578723714,0.808335925416913,0.400302578723714,0.808335925416913,0.400302578723714,0.808335925416913,0.400302578723714,1,1,0.808335925416913,0.400302578723714,2,2,2,2,4
218,223,30,49,0.137614678899083,0.219730941704036,0.744238915260502,0.960901191823274,0.744238915260502,0.960901191823274,0.744238915260502,0.960901191823274,0.744238915260502,0.960901191823274,1,1,0.744238915260502,1.77199123828577,2,2,1,2,1
114,113,46,35,0.403508771929825,0.309734513274336,1.13861653774917,1.14397494534022,1.13861653774917,1.14397494534022,1.13861653774917,1.14397494534022,1.13861653774917,1.14397494534022,1,1,2.27723307549833,2.67108992431165,2,2,1,2,1
312,370,0,17,0,0.045945945945946,0,0.399557051831352,0,0.399557051831352,0,0.399557051831352,0,0.399557051831352,1,1,0,0.399557051831352,2,2,1,2,3
1002,976,350,250,0.349301397205589,0.256147540983607,1.00957007672161,0.995270772891259,1.00957007672161,0.995270772891259,1.00957007672161,0.995270772891259,1.00957007672161,0.995270772891259,1,1,1.95509321658909,2.22752093143684,2,2,1,2,1
481,512,155,115,0.322245322245322,0.224609375,0.999763770054035,0.960348439702688,0.999763770054035,0.960348439702688,0.999763770054035,0.960348439702688,0.999763770054035,0.960348439702688,1,1,1.99952754010807,1.92069687940538,2,2,2,2,1
228,233,83,68,0.364035087719298,0.291845493562232,0.987318041978088,1.11142494915171,0.987318041978088,1.11142494915171,0.987318041978088,1.11142494915171,0.987318041978088,1.11142494915171,1,1,2.08644788829208,2.47468638110449,2,2,1,2,1
312,345,0,13,0,0.0376811594202899,0,0.323892698748798,0,0.323892698748798,0,0.323892698748798,0,0.323892698748798,1,1,0,0.323892698748798,2,2,1,2,3
160,191,22,50,0.1375,0.261780104712042,0.779552873553209,0.993917492811599,0.779552873553209,0.993917492811599,0.779552873553209,0.993917492811599,0.779552873553209,0.993917492811599,1,1,0.779552873553209,2.22055901287869,2,2,1,2,1
131,143,19,11,0.145038167938931,0.0769230769230769,0.807493401597278,0.666844293766422,0.807493401597278,0.666844293766422,0.807493401597278,0.666844293766422,0.807493401597278,0.666844293766422,1,1,0.807493401597278,0.666844293766422,2,2,1,2,1
429,462,61,129,0.142191142191142,0.279220779220779,0.791642715269764,1.04025115636677,0.791642715269764,1.04025115636677,0.791642715269764,1.04025115636677,0.791642715269764,1.04025115636677,1,1,0.791642715269764,2.42055818321708,2,2,1,2,1
121,110,16,33,0.132231404958678,0.3,0.751786267625913,1.09451013805265,0.751786267625913,1.09451013805265,0.751786267625913,1.09451013805265,0.751786267625913,1.09451013805265,1,1,0.751786267625913,2.63233382757373,2,2,1,2,1
161,158,25,0,0.15527950310559,0,0.889508595219431,0,0.889508595219431,0,0.889508595219431,0,0.889508595219431,0,1,1,0.889508595219431,0,2,2,1,2,5
280,309,49,84,0.175,0.271844660194175,0.951921739621436,0.995216663073911,0.951921739621436,0.995216663073911,0.951921739621436,0.995216663073911,0.951921739621436,0.995216663073911,1,1,0.951921739621436,2.32396995831674,2,2,1,2,1
315,334,54,80,0.171428571428571,0.239520958083832,0.968513459619616,1.04589324419315,0.968513459619616,1.04589324419315,0.968513459619616,1.04589324419315,0.968513459619616,1.04589324419315,1,1,0.968513459619616,2.0917864883863,2,2,1,2,1
515,426,146,78,0.283495145631068,0.183098591549296,0.945043041232449,0.916016966891246,0.945043041232449,0.916016966891246,0.945043041232449,0.916016966891246,0.945043041232449,0.916016966891246,1,1,1.8900860824649,1.45056542101787,2,2,2,2,1
321,232,106,38,0.330218068535826,0.163793103448276,1.09268932235842,1.01522959091208,1.09268932235842,1.01522959091208,1.09268932235842,1.01522959091208,1.09268932235842,1.01522959091208,1,1,2.20159175610803,1.29762118896094,2,2,2,2,1
246,146,96,58,0.390243902439024,0.397260273972603,1.2369088272283,1.44428439270177,1.2369088272283,1.44428439270177,1.2369088272283,1.44428439270177,1.2369088272283,1.44428439270177,1,1,2.61930818774182,3.20840647942995,2,2,2,2,1
114,86,37,18,0.324561403508772,0.209302325581395,1.05604344452686,0.935648830122004,1.05604344452686,0.935648830122004,1.05604344452686,0.935648830122004,1.05604344452686,0.935648830122004,1,1,2.20128670094713,1.69497503747146,2,2,2,2,1
63,52,19,12,0.301587301587302,0.230769230769231,1.00396852676702,0.987042679117647,1.00396852676702,0.987042679117647,1.00396852676702,0.987042679117647,1.00396852676702,0.987042679117647,1,1,1.95346643059398,1.92490764418518,2,2,2,2,1
445,379,0,26,0,0.0686015831134565,0,0.600680734089391,0,0.600680734089391,0,0.600680734089391,0,0.600680734089391,1,1,0,0.600680734089391,2,2,2,2,6
1115,872,57,0,0.0511210762331839,0,0.341990144311669,0,0.341990144311669,0,0.341990144311669,0,0.341990144311669,0,1,1,0.341990144311669,0,2,2,2,2,2
92,90,30,27,0.326086956521739,0.3,1.05288850678623,1.25604239619474,1.05288850678623,1.25604239619474,1.05288850678623,1.25604239619474,1.05288850678623,1.25604239619474,1,1,2.19200696850143,2.51208479238947,2,2,2,2,1
172,159,40,28,0.232558139534884,0.176100628930818,0.965322559653703,0.933420223061233,0.965322559653703,0.933420223061233,0.965322559653703,0.933420223061233,0.965322559653703,0.933420223061233,1,1,1.92011677612379,1.56835000957223,2,2,2,2,1
495,491,63,62,0.127272727272727,0.126272912423625,0.713359801285326,0.889944841409954,0.713359801285326,0.889944841409954,0.713359801285326,0.889944841409954,0.713359801285326,0.889944841409954,1,1,0.713359801285326,0.889944841409954,2,2,1,1,1
132,81,19,0,0.143939393939394,0,0.830525332415971,0,0.830525332415971,0,0.830525332415971,0,0.830525332415971,0,1,1,0.830525332415971,0,2,2,1,1,5
1072,749,250,152,0.233208955223881,0.202937249666222,1,1,1,1,1,1,1,1,1,1,1.65274568449847,1.47034836242032,2,2,1,1,1
351,308,0,23,0,0.0746753246753247,0,0.544271341292464,0,0.544271341292464,0,0.544271341292464,0,0.544271341292464,1,1,0,0.544271341292464,2,2,1,2,3
332,323,68,11,0.204819277108434,0.0340557275541796,1.10847409492472,0.2952710569487,1.10847409492472,0.2952710569487,1.10847409492472,0.2952710569487,1.10847409492472,0.2952710569487,1,1,1.16590943970428,0.2952710569487,2,3,1,2,4
363,316,65,17,0.179063360881543,0.0537974683544304,0.969949646478117,0.407321156230552,0.969949646478117,0.407321156230552,0.969949646478117,0.407321156230552,0.969949646478117,0.407321156230552,1,1,0.969949646478117,0.407321156230552,2,2,1,2,4
240,257,49,17,0.204166666666667,0.066147859922179,0.845566699790973,0.498677972431648,0.845566699790973,0.498677972431648,0.845566699790973,0.498677972431648,0.845566699790973,0.498677972431648,1,1,1.15606898461108,0.498677972431648,2,2,1,2,4
340,298,52,47,0.152941176470588,0.157718120805369,0.914407982198041,1.01868817028785,0.914407982198041,1.01868817028785,0.914407982198041,1.01868817028785,0.914407982198041,1.01868817028785,1,1,0.914407982198041,1.32573798832578,2,2,2,2,1
368,295,25,0,0.0679347826086956,0,0.406169933564138,0,0.406169933564138,0,0.406169933564138,0,0.406169933564138,0,1,1,0.406169933564138,0,2,2,2,2,2
405,435,59,34,0.145679012345679,0.0781609195402299,0.87279551945614,0.645720610313395,0.87279551945614,0.645720610313395,0.87279551945614,0.645720610313395,0.87279551945614,0.645720610313395,1,1,0.87279551945614,0.645720610313395,2,2,2,2,4
303,279,76,75,0.250825082508251,0.268817204301075,0.938175236500017,0.958741342462465,0.938175236500017,0.958741342462465,0.938175236500017,0.958741342462465,0.938175236500017,0.958741342462465,1,1,1.52170668841685,2.25513044858059,2,2,2,2,1
745,783,123,147,0.16510067114094,0.187739463601533,1.23025862654771,1.23881172722191,1.23025862654771,1.23881172722191,1.23025862654771,1.23881172722191,1.23025862654771,1.23881172722191,1,1,1.23025862654771,1.67509416416425,2,2,2,2,1
711,746,153,183,0.215189873417722,0.245308310991957,1.30551484877335,1.02895616901858,1.30551484877335,1.02895616901858,1.30551484877335,1.02895616901858,1.30551484877335,1.02895616901858,1,1,1.30551484877335,2.05791233803716,2,2,2,2,1
293,328,98,76,0.334470989761092,0.231707317073171,1.14946690626323,1.00921919140465,1.14946690626323,1.00921919140465,1.14946690626323,1.00921919140465,1.14946690626323,1.00921919140465,1,1,1.76473747854998,1.95893461459096,2,2,1,2,1
314,370,70,101,0.222929936305732,0.272972972972973,1.07932631431959,0.955264926628329,1.07932631431959,0.955264926628329,1.07932631431959,0.955264926628329,1.07932631431959,0.955264926628329,1,1,1.17622402460224,2.29373688193535,2,2,1,2,1
147,125,48,30,0.326530612244898,0.24,1.12587261720808,0.971450474908574,1.12587261720808,0.971450474908574,1.12587261720808,0.971450474908574,1.12587261720808,0.971450474908574,1,1,2.05565541769994,1.94290094981715,2,2,2,2,1
525,500,25,0,0.0476190476190476,0,0.299783081747908,0,0.299783081747908,0,0.299783081747908,0,0.299783081747908,0,1,1,0.299783081747908,0,2,2,2,2,2
446,515,23,0,0.0515695067264574,0,0.257113414325748,0,0.257113414325748,0,0.257113414325748,0,0.257113414325748,0,1,1,0.257113414325748,0,1,2,1,1,2
216,238,60,47,0.277777777777778,0.197478991596639,1.02669936711587,1.27513691799608,1.02669936711587,1.27513691799608,1.02669936711587,1.27513691799608,1.02669936711587,1.27513691799608,1,1,1.40364330775089,1.4127191791972,1,2,1,1,1
160,160,28,9,0.175,0.05625,1.04542187808074,0.474225026911846,1.04542187808074,0.474225026911846,1.04542187808074,0.474225026911846,1.04542187808074,0.474225026911846,1,1,1.04542187808074,0.474225026911846,2,2,1,2,4
772,796,272,189,0.352331606217617,0.237437185929648,1.05400701583318,0.990843532773192,1.05400701583318,0.990843532773192,1.05400701583318,0.990843532773192,1.05400701583318,0.990843532773192,1,1,2.09636102482312,1.98168706554638,2,2,1,2,1
350,281,12,0,0.0342857142857143,0,0.20399882913825,0,0.20399882913825,0,0.20399882913825,0,0.20399882913825,0,1,1,0.20399882913825,0,2,2,1,2,2
272,291,29,0,0.106617647058824,0,0.634371358993025,0,0.634371358993025,0,0.634371358993025,0,0.634371358993025,0,1,1,0.634371358993025,0,2,2,1,2,9
257,305,0,23,0,0.0754098360655738,0,0.629382024391069,0,0.629382024391069,0,0.629382024391069,0,0.629382024391069,1,1,0,0.629382024391069,2,2,1,2,6
452,470,85,130,0.188053097345133,0.276595744680851,1.11890950716499,0.991506920695073,1.11890950716499,0.991506920695073,1.11890950716499,0.991506920695073,1.11890950716499,0.991506920695073,1,1,1.11890950716499,2.30851038548621,2,2,1,2,1
824,854,274,194,0.33252427184466,0.227166276346604,0.995174579690068,0.986056168657858,0.995174579690068,0.986056168657858,0.995174579690068,0.986056168657858,0.995174579690068,0.986056168657858,1,1,1.99034915938014,1.87928270887102,2,2,1,2,1
547,562,96,142,0.175502742230347,0.252669039145907,1.01250611228579,1.02592625457174,1.01250611228579,1.02592625457174,1.01250611228579,1.02592625457174,1.01250611228579,1.02592625457174,1,1,1.04201913886106,2.10202865786515,2,2,1,2,1
354,333,0,18,0,0.0540540540540541,0,0.443992036620252,0,0.443992036620252,0,0.443992036620252,0,0.443992036620252,1,1,0,0.443992036620252,2,2,1,2,3
793,796,243,230,0.306431273644388,0.28894472361809,0.888934430170316,1.05168873600373,0.888934430170316,1.05168873600373,0.888934430170316,1.05168873600373,0.888934430170316,1.05168873600373,1,1,1.77786886034063,2.10337747200745,2,2,1,1,1
217,204,42,28,0.193548387096774,0.137254901960784,0.979942676781657,0.966311088025435,0.979942676781657,0.966311088025435,0.979942676781657,0.966311088025435,0.979942676781657,0.966311088025435,1,1,1.09157614701832,0.966311088025435,2,2,1,1,1
759,698,0,40,0,0.0573065902578797,0,0.406039340674563,0,0.406039340674563,0,0.406039340674563,0,0.406039340674563,1,1,0,0.406039340674563,2,2,1,1,3
326,257,0,20,0,0.0778210116731518,0,0.586225359904504,0,0.586225359904504,0,0.586225359904504,0,0.586225359904504,1,1,0,0.586225359904504,2,2,1,1,6
801,736,109,94,0.136079900124844,0.127717391304348,0.768696880926489,0.96298889544624,0.768696880926489,0.96298889544624,0.768696880926489,0.96298889544624,0.768696880926489,0.96298889544624,1,1,0.768696880926489,0.96298889544624,2,2,1,1,1
795,711,0,39,0,0.0548523206751055,0,0.413024458927589,0,0.413024458927589,0,0.413024458927589,0,0.413024458927589,1,1,0,0.413024458927589,2,2,1,1,3
608,548,35,0,0.0575657894736842,0,0.325181329321193,0,0.325181329321193,0,0.325181329321193,0,0.325181329321193,0,1,1,0.325181329321193,0,2,2,1,1,2
620,523,0,30,0,0.0573613766730402,0,0.431917032354046,0,0.431917032354046,0,0.431917032354046,0,0.431917032354046,1,1,0,0.431917032354046,2,2,1,1,3
228,255,69,71,0.302631578947368,0.27843137254902,0.855258153275343,1.04734540966792,0.855258153275343,1.04734540966792,0.855258153275343,1.04734540966792,0.855258153275343,1.04734540966792,1,1,1.71051630655069,2.09469081933585,2,2,1,1,1
1032,935,165,0,0.159883720930233,0,0.90368530856697,0,0.90368530856697,0,0.90368530856697,0,0.90368530856697,0,1,1,0.90368530856697,0,2,2,1,1,5
388,324,11,0,0.0283505154639175,0,0.16024110626136,0,0.16024110626136,0,0.16024110626136,0,0.16024110626136,0,1,1,0.16024110626136,0,2,2,1,1,2
572,539,0,16,0,0.0296846011131725,0,0.223322755830836,0,0.223322755830836,0,0.223322755830836,0,0.223322755830836,1,1,0,0.223322755830836,2,2,1,1,7
648,487,87,57,0.134259259259259,0.117043121149897,0.919298252177257,0.918053078806287,0.919298252177257,0.918053078806287,0.919298252177257,0.918053078806287,0.919298252177257,0.918053078806287,1,1,0.919298252177257,0.918053078806287,2,2,1,1,1
469,428,96,59,0.204690831556503,0.13785046728972,1.14109810307522,1.01662572579427,1.14109810307522,1.01662572579427,1.14109810307522,1.01662572579427,1.14109810307522,1.01662572579427,1,1,1.14109810307522,1.01662572579427,2,2,1,1,1
169,179,32,26,0.189349112426035,0.145251396648045,1.06384333193356,0.963693881050123,1.06384333193356,0.963693881050123,1.06384333193356,0.963693881050123,1.06384333193356,0.963693881050123,1,1,1.06384333193356,1.08349354010873,2,2,1,1,1
710,626,135,80,0.190140845070423,0.12779552715655,1.02698176930415,0.949667158320774,1.02698176930415,0.949667158320774,1.02698176930415,0.949667158320774,1.02698176930415,0.949667158320774,1,1,1.08932066000231,0.949667158320774,2,2,1,1,1
401,396,77,58,0.192019950124688,0.146464646464646,1.03713112270911,0.966826988952748,1.03713112270911,0.966826988952748,1.03713112270911,0.966826988952748,1.03713112270911,0.966826988952748,1,1,1.10008609000325,1.08840010051486,2,2,1,1,1
229,191,41,32,0.179039301310044,0.167539267015707,1.00841934656332,1.00017163649419,1.00841934656332,1.00017163649419,1.00841934656332,1.00017163649419,1.00841934656332,1.00017163649419,1,1,1.02571969635022,1.24500867247917,2,2,1,1,1
144,140,10,0,0.0694444444444444,0,0.397848594959691,0,0.397848594959691,0,0.397848594959691,0,0.397848594959691,0,1,1,0.397848594959691,0,2,2,1,1,2
286,241,49,36,0.171328671328671,0.149377593360996,0.981545344767684,0.986055627021776,0.981545344767684,0.986055627021776,0.981545344767684,0.986055627021776,0.981545344767684,0.986055627021776,1,1,0.981545344767684,1.11004663277578,2,2,1,1,1
392,375,135,120,0.344387755102041,0.32,0.970339708805149,1.01992198882854,0.970339708805149,1.01992198882854,0.970339708805149,1.01992198882854,0.970339708805149,1.01992198882854,1,1,1.9406794176103,2.40096688002293,2,2,1,1,1
403,369,0,21,0,0.056910569105691,0,0.431107788598836,0,0.431107788598836,0,0.431107788598836,0,0.431107788598836,1,1,0,0.431107788598836,2,2,1,1,3
267,277,71,62,0.265917602996255,0.223826714801444,0.9753241614489,0.900832288501283,0.9753241614489,0.900832288501283,0.9753241614489,0.900832288501283,0.9753241614489,0.900832288501283,1,1,1.8718209797099,1.80166457700257,2,2,1,1,1
396,402,130,126,0.328282828282828,0.313432835820896,0.933778748060739,1.01869158373493,0.933778748060739,1.01869158373493,0.933778748060739,1.01869158373493,0.933778748060739,1.01869158373493,1,1,1.86755749612148,2.36157390628242,2,2,1,1,1
380,366,0,31,0,0.0846994535519126,0,0.644938095912387,0,0.644938095912387,0,0.644938095912387,0,0.644938095912387,1,1,0,0.644938095912387,2,2,1,1,6
423,433,12,0,0.0283687943262411,0,0.157569175679527,0,0.157569175679527,0,0.157569175679527,0,0.157569175679527,0,1,1,0.157569175679527,0,2,3,1,2,2
514,528,183,141,0.356031128404669,0.267045454545455,1.02036179823896,1.09435387290592,1.02036179823896,1.09435387290592,1.02036179823896,1.09435387290592,1.02036179823896,1.09435387290592,1,1,2.04072359647793,2.18870774581184,2,2,1,2,1
59,45,17,0,0.288135593220339,0,0.825777659814029,0,0.825777659814029,0,0.825777659814029,0,0.825777659814029,0,1,1,1.65155531962806,0,2,2,1,2,5
383,398,120,103,0.31331592689295,0.258793969849246,0.895796665427969,1.04017003873144,0.895796665427969,1.04017003873144,0.895796665427969,1.04017003873144,0.895796665427969,1.04017003873144,1,1,1.7144689495587,2.08034007746288,2,2,1,2,1
300,295,120,75,0.4,0.254237288135593,2.20089106164526,1.0893622814713,2.20089106164526,1.0893622814713,2.20089106164526,1.0893622814713,2.20089106164526,1.0893622814713,1,1,2.20089106164526,2.17872456294261,2,3,1,2,1
647,611,65,0,0.100463678516229,0,0.57231555841694,0,0.57231555841694,0,0.57231555841694,0,0.57231555841694,0,1,1,0.57231555841694,0,2,2,1,2,9
169,151,26,11,0.153846153846154,0.0728476821192053,0.876421695374581,0.55256784863549,0.876421695374581,0.55256784863549,0.876421695374581,0.55256784863549,0.876421695374581,0.55256784863549,1,1,0.876421695374581,0.55256784863549,2,2,1,2,4
532,484,98,0,0.184210526315789,0,1.03361123146082,0,1.03361123146082,0,1.03361123146082,0,1.03361123146082,0,1,1,1.06732413105581,0,2,2,1,2,5
70,81,11,0,0.157142857142857,0,0.900699084362849,0,0.900699084362849,0,0.900699084362849,0,0.900699084362849,0,1,1,0.900699084362849,0,2,2,1,2,5
333,296,68,0,0.204204204204204,0,1.09520485990091,0,1.09520485990091,0,1.09520485990091,0,1.09520485990091,0,1,1,1.1637202683661,0,2,2,1,2,5
449,410,55,0,0.122494432071269,0,0.702304805811048,0,0.702304805811048,0,0.702304805811048,0,0.702304805811048,0,1,1,0.702304805811048,0,2,2,1,2,9
161,169,0,11,0,0.0650887573964497,0,0.475483706827077,0,0.475483706827077,0,0.475483706827077,0,0.475483706827077,1,1,0,0.475483706827077,2,2,1,2,3
397,370,138,76,0.347607052896725,0.205405405405405,0.992722148815354,1.04884762867543,0.992722148815354,1.04884762867543,0.992722148815354,1.04884762867543,0.992722148815354,1.04884762867543,1,1,1.82119898434498,1.42142861836716,2,2,1,1,1
292,216,46,34,0.157534246575342,0.157407407407407,0.876848323701117,1.0596703160451,0.876848323701117,1.0596703160451,0.876848323701117,1.0596703160451,0.876848323701117,1.0596703160451,1,1,0.876848323701117,1.18354667136469,2,2,1,1,1
127,119,28,27,0.220472440944882,0.226890756302521,1.19116859464743,0.838338032278113,1.19116859464743,0.838338032278113,1.19116859464743,0.838338032278113,1.19116859464743,0.838338032278113,1,1,1.23264921709158,1.67667606455623,2,2,1,1,1
225,171,0,11,0,0.064327485380117,0,1.14998028690344,0,1.14998028690344,0,1.14998028690344,0,1.14998028690344,1,1,0,1.14998028690344,12,11,2,3,8
368,292,18,0,0.0489130434782609,0,0.267476944009084,0,0.267476944009084,0,0.267476944009084,0,0.267476944009084,0,1,1,0.267476944009084,0,3,2,0,0,2
422,322,19,0,0.0450236966824645,0,0.246208371841958,0,0.246208371841958,0,0.246208371841958,0,0.246208371841958,0,1,1,0.246208371841958,0,3,2,0,0,2
586,503,290,210,0.494880546075085,0.417495029821074,0.963105203726133,1.02515899178828,0.963105203726133,1.02515899178828,0.963105203726133,1.02515899178828,0.963105203726133,1.02515899178828,1,1,2.69871004923676,2.86002554767098,3,3,0,0,1
278,244,88,60,0.316546762589928,0.245901639344262,1.02046428622747,1.02101445449082,1.02046428622747,1.02101445449082,1.02046428622747,1.02101445449082,1.02046428622747,1.02101445449082,1,1,2.09057201354552,2.04202890898165,2,2,2,2,1
863,830,229,173,0.265353418308227,0.208433734939759,0.888310959225407,0.919183092770237,0.888310959225407,0.919183092770237,0.888310959225407,0.919183092770237,0.888310959225407,0.919183092770237,1,1,1.76413685906216,1.83836618554047,2,3,2,2,1
431,425,63,26,0.146171693735499,0.0611764705882353,0.988731021865033,0.528266008161588,0.988731021865033,0.528266008161588,0.988731021865033,0.528266008161588,0.988731021865033,0.528266008161588,1,1,0.988731021865033,0.528266008161588,2,2,2,2,4
432,385,11,0,0.025462962962963,0,0.169959162975355,0,0.169959162975355,0,0.169959162975355,0,0.169959162975355,0,1,1,0.169959162975355,0,2,2,2,2,2
701,600,27,0,0.0385164051355207,0,0.257087754758726,0,0.257087754758726,0,0.257087754758726,0,0.257087754758726,0,1,1,0.257087754758726,0,2,2,2,2,2
212,219,62,47,0.292452830188679,0.214611872146119,0.97602620521696,0.918628927276625,0.97602620521696,0.918628927276625,0.97602620521696,0.918628927276625,0.97602620521696,0.918628927276625,1,1,1.95205241043392,1.83725785455325,2,2,2,2,1
846,841,135,1,0.159574468085106,0.00118906064209275,1.04253256687445,0,1.04253256687445,0,1.04253256687445,0,1.04253256687445,0,1,1,1.06638175198738,0.0101793576579847,2,2,2,2,5
374,366,15,0,0.0401069518716578,0,0.267704272260646,0,0.267704272260646,0,0.267704272260646,0,0.267704272260646,0,1,1,0.267704272260646,0,2,2,2,2,2
158,142,36,7,0.227848101265823,0.0492957746478873,0.770808241610923,0.420263605710259,0.770808241610923,0.420263605710259,0.770808241610923,0.420263605710259,0.770808241610923,0.420263605710259,1,1,1.54161648322185,0.420263605710259,2,2,2,2,4
382,367,139,94,0.363874345549738,0.256130790190736,1.19458186370466,0.985319945396451,1.19458186370466,0.985319945396451,1.19458186370466,0.985319945396451,1.19458186370466,0.985319945396451,1,1,2.46196780137567,2.18360397392781,2,2,2,2,1
476,491,270,308,0.567226890756303,0.627291242362525,1.00778971554571,1.0592387530554,1.00778971554571,1.0592387530554,1.00778971554571,1.0592387530554,1.00778971554571,1.0592387530554,1,1,6.10210644830068,8.83714072053261,6,8,2,2,1
815,857,476,483,0.584049079754601,0.563593932322054,1.03767763049073,0.992473382541252,1.03767763049073,0.992473382541252,1.03767763049073,0.992473382541252,1.03767763049073,0.992473382541252,1,1,6.28307598559498,7.93978706033002,6,8,2,2,1
644,668,0,28,0,0.0419161676646707,0,0.60144286606996,0,0.60144286606996,0,0.60144286606996,0,0.60144286606996,1,1,0,0.60144286606996,5,9,2,2,6
450,418,28,14,0.0622222222222222,0.0334928229665072,0.682478966915966,0.494092364952771,0.682478966915966,0.494092364952771,0.682478966915966,0.494092364952771,0.682478966915966,0.494092364952771,1,1,0.682478966915966,0.494092364952771,7,9,2,2,4
482,462,0,21,0,0.0454545454545455,0,0.428111597634194,0,0.428111597634194,0,0.428111597634194,0,0.428111597634194,1,1,0,0.428111597634194,2,3,2,2,3
1106,1199,162,161,0.146473779385172,0.134278565471226,0.919507394873425,1.01202759563373,0.919507394873425,1.01202759563373,0.919507394873425,1.01202759563373,0.919507394873425,1.01202759563373,1,1,1.47976407082538,2.02405519126746,6,9,2,2,1
636,751,98,234,0.154088050314465,0.311584553928096,0.733885435379163,0.933317094344195,0.733885435379163,0.933317094344195,0.733885435379163,0.933317094344195,0.733885435379163,0.933317094344195,1,1,1.46777087075833,3.62740737735174,5,6,2,2,1
776,687,0,96,0,0.139737991266376,0,0.860337293090435,0,0.860337293090435,0,0.860337293090435,0,0.860337293090435,1,1,0,1.32214584797375,3,4,2,2,8
2096,1505,1,42,0.000477099236641221,0.027906976744186,0,0.452241230991443,0,0.452241230991443,0,0.452241230991443,0,0.452241230991443,1,1,0.00783330952193109,0.452241230991443,12,10,2,2,3
859,653,77,34,0.089639115250291,0.0520673813169985,0.847462937350135,0.529930459166719,0.847462937350135,0.529930459166719,0.847462937350135,0.529930459166719,0.847462937350135,0.529930459166719,1,1,0.847462937350135,0.529930459166719,5,4,2,2,4
249,199,64,61,0.257028112449799,0.306532663316583,0.927851295109261,1.21737335218278,0.927851295109261,1.21737335218278,0.927851295109261,1.21737335218278,0.927851295109261,1.21737335218278,1,1,1.61704352454154,2.39091272441227,2,2,2,2,1
461,371,0,14,0,0.0377358490566038,0,0.294334446123131,0,0.294334446123131,0,0.294334446123131,0,0.294334446123131,1,1,0,0.294334446123131,2,2,2,2,3
227,200,61,53,0.268722466960352,0.265,0.970066996242743,1.05242924143212,0.970066996242743,1.05242924143212,0.970066996242743,1.05242924143212,0.970066996242743,1.05242924143212,1,1,1.69061633358077,2.06696364789969,2,2,2,2,1
629,560,0,43,0,0.0767857142857143,0,0.59891803813805,0,0.59891803813805,0,0.59891803813805,0,0.59891803813805,1,1,0,0.59891803813805,2,2,2,2,6
159,164,45,39,0.283018867924528,0.23780487804878,1.02167588067013,1.04482807126995,1.02167588067013,1.04482807126995,1.02167588067013,1.04482807126995,1.02167588067013,1.04482807126995,1,1,1.78055942339701,1.85484542724546,2,2,2,2,1
505,405,48,0,0.095049504950495,0,0.597985897441846,0,0.597985897441846,0,0.597985897441846,0,0.597985897441846,0,1,1,0.597985897441846,0,2,2,2,2,9
480,403,24,0,0.05,0,0.314565498133471,0,0.314565498133471,0,0.314565498133471,0,0.314565498133471,0,1,1,0.314565498133471,0,2,2,2,2,2
322,310,63,0,0.195652173913043,0,1.23090847095706,0,1.23090847095706,0,1.23090847095706,0,1.23090847095706,0,1,1,1.23090847095706,0,2,2,2,2,5
361,309,64,14,0.177285318559557,0.0453074433656958,0.999951081346662,0.333676716727722,0.999951081346662,0.333676716727722,0.999951081346662,0.333676716727722,0.999951081346662,0.333676716727722,1,1,1.01404829292468,0.333676716727722,2,2,1,1,4
380,349,0,24,0,0.0687679083094556,0,0.506456514787718,0,0.506456514787718,0,0.506456514787718,0,0.506456514787718,1,1,0,0.506456514787718,2,2,1,1,3
912,750,151,123,0.165570175438596,0.164,0.947039242318002,0.991478748893002,0.947039242318002,0.991478748893002,0.947039242318002,0.991478748893002,0.947039242318002,0.991478748893002,1,1,0.947039242318002,1.20942694761306,2,2,1,1,1
484,592,184,162,0.380165289256198,0.273648648648649,0.887313588105361,1.01448445306471,0.887313588105361,1.01448445306471,0.887313588105361,1.01448445306471,0.887313588105361,1.01448445306471,1,1,1.77462717621072,2.02896890612941,2,2,0,1,1
244,356,90,89,0.368852459016393,0.25,0.860909210127172,0.926812957120844,0.860909210127172,0.926812957120844,0.860909210127172,0.926812957120844,0.860909210127172,0.926812957120844,1,1,1.72181842025434,1.85362591424169,2,2,0,1,1
256,279,0,44,0,0.157706093189964,0,0.994980226339128,0,0.994980226339128,0,0.994980226339128,0,0.994980226339128,1,1,0,1.14656115989078,2,2,0,1,8
196,224,0,10,0,0.0446428571428571,0,0.350870241267929,0,0.350870241267929,0,0.350870241267929,0,0.350870241267929,1,1,0,0.350870241267929,2,2,1,2,3
178,187,37,60,0.207865168539326,0.320855614973262,1.09303921465868,1.14842259927678,1.09303921465868,1.14842259927678,1.09303921465868,1.14842259927678,1.09303921465868,1.14842259927678,1,1,1.17424923861849,2.64191860357682,2,2,1,2,1
351,390,0,47,0,0.120512820512821,0,1.17047591300241,0,1.17047591300241,0,1.17047591300241,0,1.17047591300241,1,1,0,1.3037944893499,2,5,1,2,8
402,423,0,82,0,0.193853427895981,0,0.992121122599449,0,0.992121122599449,0,0.992121122599449,0,0.992121122599449,1,1,0,2.09724600218348,2,5,1,2,8
615,718,91,41,0.147967479674797,0.0571030640668524,0.980130874539595,0.619033979874044,0.980130874539595,0.619033979874044,0.980130874539595,0.619033979874044,0.980130874539595,0.619033979874044,1,1,0.980130874539595,0.619033979874044,2,4,2,2,4
861,947,258,168,0.299651567944251,0.17740232312566,1.0076375814987,1.10193671203274,1.0076375814987,1.10193671203274,1.0076375814987,1.10193671203274,1.0076375814987,1.10193671203274,1,1,2.01527516299741,1.76305960811427,2,4,2,2,1
728,734,1,35,0.00137362637362637,0.0476839237057221,0,0.473892327680579,0,0.473892327680579,0,0.473892327680579,0,0.473892327680579,1,1,0.00923817997348991,0.473892327680579,2,4,2,2,3
280,288,48,19,0.171428571428571,0.0659722222222222,1.12551686801616,0.638484245765875,1.12551686801616,0.638484245765875,1.12551686801616,0.638484245765875,1.12551686801616,0.638484245765875,1,1,1.12551686801616,0.638484245765875,2,4,2,2,1
298,301,14,0,0.0469798657718121,0,0.313634543477735,0,0.313634543477735,0,0.313634543477735,0,0.313634543477735,0,1,1,0.313634543477735,0,2,3,2,2,2
803,868,45,0,0.0560398505603985,0,0.382645819173597,0,0.382645819173597,0,0.382645819173597,0,0.382645819173597,0,1,1,0.382645819173597,0,2,3,2,2,2
310,261,60,0,0.193548387096774,0,1.04502017753992,0,1.04502017753992,0,1.04502017753992,0,1.04502017753992,0,1,1,1.38807088884846,0,3,3,1,2,5
254,247,35,0,0.137795275590551,0,0.977877862976756,0,0.977877862976756,0,0.977877862976756,0,0.977877862976756,0,1,1,0.977877862976756,0,2,3,1,2,5
864,804,0,34,0,0.0422885572139304,0,0.35525221574689,0,0.35525221574689,0,0.35525221574689,0,0.35525221574689,1,1,0,0.35525221574689,2,2,1,2,3
346,271,0,23,0,0.0848708487084871,0,0.695106466907374,0,0.695106466907374,0,0.695106466907374,0,0.695106466907374,1,1,0,0.695106466907374,2,2,1,2,6
654,654,23,2,0.0351681957186544,0.00305810397553517,0.205219634080753,0,0.205219634080753,0,0.205219634080753,0,0.205219634080753,0,1,1,0.205219634080753,0.0250463837962902,2,2,1,2,2
491,497,83,0,0.169042769857434,0,0.986428068464661,0,0.986428068464661,0,0.986428068464661,0,0.986428068464661,0,1,1,0.986428068464661,0,2,2,1,2,5
490,465,156,131,0.318367346938775,0.281720430107527,0.928896537154158,1.04708020774494,0.928896537154158,1.04708020774494,0.928896537154158,1.04708020774494,0.928896537154158,1.04708020774494,1,1,1.85779307430832,2.31231022129673,2,2,1,2,1
159,131,28,16,0.176100628930818,0.122137404580153,0.968571746259546,0.980038751431801,0.968571746259546,0.980038751431801,0.968571746259546,0.980038751431801,0.968571746259546,0.980038751431801,1,1,1.040947122222,0.980038751431801,2,2,1,2,1
213,200,30,56,0.140845070422535,0.28,0.823304845005336,1.13042107228088,0.823304845005336,1.13042107228088,0.823304845005336,1.13042107228088,0.823304845005336,1.13042107228088,1,1,0.823304845005336,2.23669931523936,2,2,1,2,1
672,674,109,133,0.162202380952381,0.197329376854599,1.16486483810494,1.63606947274655,1.16486483810494,1.63606947274655,1.16486483810494,1.63606947274655,1.16486483810494,1.63606947274655,1,1,1.16486483810494,1.63606947274655,2,2,1,2,1
410,484,80,29,0.195121951219512,0.0599173553719008,0.986315962355969,0.493638939534559,0.986315962355969,0.493638939534559,0.986315962355969,0.493638939534559,0.986315962355969,0.493638939534559,1,1,1.12451765420262,0.493638939534559,2,2,1,2,4
239,246,11,0,0.0460251046025105,0,0.263075019403167,0,0.263075019403167,0,0.263075019403167,0,0.263075019403167,0,1,1,0.263075019403167,0,2,2,1,2,2
323,335,0,25,0,0.0746268656716418,0,0.590988998647484,0,0.590988998647484,0,0.590988998647484,0,0.590988998647484,1,1,0,0.590988998647484,2,2,1,2,6
170,162,24,50,0.141176470588235,0.308641975308642,0.806267815019051,1.20274988719943,0.806267815019051,1.20274988719943,0.806267815019051,1.20274988719943,0.806267815019051,1.20274988719943,1,1,0.806267815019051,2.53675252027265,2,2,1,2,1
291,345,64,95,0.219931271477663,0.27536231884058,1.19286382569373,1.07618143976739,1.19286382569373,1.07618143976739,1.19286382569373,1.07618143976739,1.19286382569373,1.07618143976739,1,1,1.25604149876965,2.26980356319745,2,2,1,2,1
74,99,0,15,0,0.151515151515152,0,1.12278813144891,0,1.12278813144891,0,1.12278813144891,0,1.12278813144891,1,1,0,1.24531487358839,2,2,1,2,8
301,347,44,13,0.146179401993355,0.037463976945245,0.845847054111417,0.306201667143001,0.845847054111417,0.306201667143001,0.845847054111417,0.306201667143001,0.845847054111417,0.306201667143001,1,1,0.845847054111417,0.306201667143001,2,2,1,2,4
169,170,0,12,0,0.0705882352941176,0,0.587938787613355,0,0.587938787613355,0,0.587938787613355,0,0.587938787613355,1,1,0,0.587938787613355,2,2,1,2,6
515,539,0,42,0,0.0779220779220779,0,0.611314408469899,0,0.611314408469899,0,0.611314408469899,0,0.611314408469899,1,1,0,0.611314408469899,2,2,1,2,6
169,158,12,0,0.0710059171597633,0,0.407632557133545,0,0.407632557133545,0,0.407632557133545,0,0.407632557133545,0,1,1,0.407632557133545,0,2,2,1,2,2
427,439,83,25,0.194379391100703,0.0569476082004556,1.05332165609201,0.476757879207025,1.05332165609201,0.476757879207025,1.05332165609201,0.476757879207025,1.05332165609201,0.476757879207025,1,1,1.1114413614617,0.476757879207025,2,2,1,2,4
298,270,17,0,0.0570469798657718,0,0.321111863186928,0,0.321111863186928,0,0.321111863186928,0,0.321111863186928,0,1,1,0.321111863186928,0,2,2,1,2,2
305,294,1,15,0.00327868852459016,0.0510204081632653,0,0.409540437574615,0,0.409540437574615,0,0.409540437574615,0,0.409540437574615,1,1,0.0179607590436126,0.409540437574615,2,2,1,2,3
284,274,52,0,0.183098591549296,0,1.00031704354629,0,1.00031704354629,0,1.00031704354629,0,1.00031704354629,0,1,1,1.06177904432372,0,2,2,1,2,5
261,284,52,62,0.199233716475096,0.21830985915493,1.10612128700693,0.901186085645563,1.10612128700693,0.901186085645563,1.10612128700693,0.901186085645563,1.10612128700693,0.901186085645563,1,1,1.13320280179291,1.80237217129113,2,2,1,2,1
148,134,33,33,0.222972972972973,0.246268656716418,1.00197687156746,0.979695604187845,1.00197687156746,0.979695604187845,1.00197687156746,0.979695604187845,1.00197687156746,0.979695604187845,1,1,1.0538412982503,1.77344760366269,1,2,1,1,1
110,112,21,21,0.190909090909091,0.1875,0.902297177675467,1.01486336672667,0.902297177675467,1.01486336672667,0.902297177675467,1.01486336672667,0.902297177675467,1.01486336672667,1,1,0.902297177675467,1.350238516425,1,2,1,1,1
112,122,27,30,0.241071428571429,0.245901639344262,1.05706281156168,0.997110265544497,1.05706281156168,0.997110265544497,1.05706281156168,0.997110265544497,1.05706281156168,0.997110265544497,1,1,1.1463366883433,1.8347530412024,1,2,1,2,1
65,93,17,16,0.261538461538462,0.172043010752688,1.11984204055369,0.754387610103784,1.11984204055369,0.754387610103784,1.11984204055369,0.754387610103784,1.11984204055369,0.754387610103784,1,1,1.25062371108144,1.32975659570592,1,2,1,2,1
57,71,15,13,0.263157894736842,0.183098591549296,1.17507266179338,0.821197719739665,1.17507266179338,0.821197719739665,1.17507266179338,0.821197719739665,1.17507266179338,0.821197719739665,1,1,1.25518702053337,1.35255762498174,1,2,1,2,1
234,316,36,76,0.153846153846154,0.240506329113924,0.733801642773354,1.05790605399874,0.733801642773354,1.05790605399874,0.733801642773354,1.05790605399874,0.733801642773354,1.05790605399874,1,1,0.733801642773354,1.77663119386598,1,2,1,2,1
832,885,0,34,0,0.0384180790960452,0,0.33261894680347,0,0.33261894680347,0,0.33261894680347,0,0.33261894680347,1,1,0,0.33261894680347,2,3,1,2,3
387,555,0,25,0,0.045045045045045,0,0.436616281375288,0,0.436616281375288,0,0.436616281375288,0,0.436616281375288,1,1,0,0.436616281375288,1,4,1,2,3
581,844,0,26,0,0.0308056872037915,0,0.267589985618436,0,0.267589985618436,0,0.267589985618436,0,0.267589985618436,1,1,0,0.267589985618436,1,3,1,2,7
121,121,24,24,0.198347107438017,0.198347107438017,1.0261740840151,0.951066196393052,1.0261740840151,0.951066196393052,1.0261740840151,0.951066196393052,1.0261740840151,0.951066196393052,1,1,1.20775780006255,1.52508373356379,2,2,1,2,1
222,110,43,22,0.193693693693694,0.2,1.17485401063102,0.896442923266419,1.17485401063102,0.896442923266419,1.17485401063102,0.896442923266419,1.17485401063102,0.896442923266419,1,1,1.21302736488937,1.51811497274141,2,2,2,2,1
1011,837,0,19,0,0.022700119474313,0,0.184351912457955,0,0.184351912457955,0,0.184351912457955,0,0.184351912457955,1,1,0,0.184351912457955,2,2,2,2,7
285,243,97,66,0.340350877192982,0.271604938271605,1.00047442096039,0.981471872619759,1.00047442096039,0.981471872619759,1.00047442096039,0.981471872619759,1.00047442096039,0.981471872619759,1,1,2.24312945928324,2.27598466697325,2,2,2,2,1
623,539,171,150,0.274478330658106,0.278293135435993,1.03552871631709,1.01503750463671,1.03552871631709,1.01503750463671,1.03552871631709,1.01503750463671,1.03552871631709,1.01503750463671,1,1,1.77927888147242,2.28208237005436,2,2,2,2,1
164,139,0,13,0,0.0935251798561151,0,0.731282478057474,0,0.731282478057474,0,0.731282478057474,0,0.731282478057474,1,1,0,0.731282478057474,2,2,2,2,6
149,143,31,28,0.208053691275168,0.195804195804196,1.23430817191488,0.879160232985753,1.23430817191488,0.879160232985753,1.23430817191488,0.879160232985753,1.23430817191488,0.879160232985753,1,1,1.23430817191488,1.55399995948515,2,2,2,2,1
158,136,52,32,0.329113924050633,0.235294117647059,1.17540482294038,1.04908195868888,1.17540482294038,1.04908195868888,1.17540482294038,1.04908195868888,1.17540482294038,1.04908195868888,1,1,1.95251525438882,1.85435289283102,2,2,2,2,1
495,485,20,0,0.0404040404040404,0,0.239702727423026,0,0.239702727423026,0,0.239702727423026,0,0.239702727423026,0,1,1,0.239702727423026,0,2,2,2,2,2
454,455,109,110,0.240088105726872,0.241758241758242,0.879049835865599,0.952648326811539,0.879049835865599,0.952648326811539,0.879049835865599,0.952648326811539,0.879049835865599,0.952648326811539,1,1,1.42435690067284,1.90529665362308,2,2,2,2,1
472,504,114,105,0.241525423728814,0.208333333333333,0.886835537806849,0.872282012211868,0.886835537806849,0.872282012211868,0.886835537806849,0.872282012211868,0.886835537806849,0.872282012211868,1,1,1.42281962761132,1.62779340072118,2,2,2,2,1
