"CRUK0038_SU_T1.R1_cov","CRUK0038_SU_T1.R2_cov","CRUK0038_SU_T1.R1_var_count","CRUK0038_SU_T1.R2_var_count","CRUK0038_SU_T1.R1_VAF","CRUK0038_SU_T1.R2_VAF","CRUK0038_SU_T1.R1_PhyloCCF","CRUK0038_SU_T1.R2_PhyloCCF","CRUK0038_SU_T1.R1_PycloneCCF","CRUK0038_SU_T1.R2_PycloneCCF","CRUK0038_SU_T1.R1_Pyclone_0.05","CRUK0038_SU_T1.R2_Pyclone_0.05","CRUK0038_SU_T1.R1_Pyclone_0.95","CRUK0038_SU_T1.R2_Pyclone_0.95","CRUK0038_SU_T1.R1_cpn.copies","CRUK0038_SU_T1.R2_cpn.copies","CRUK0038_SU_T1.R1_mut.cpn.num","CRUK0038_SU_T1.R2_mut.cpn.num","CRUK0038_SU_T1.R1_nAraw","CRUK0038_SU_T1.R2_nAraw","CRUK0038_SU_T1.R1_nBraw","CRUK0038_SU_T1.R2_nBraw","PycloneCluster"
582,544,100,73,0.171821305841924,0.134191176470588,0.992241027419337,0.975338830918336,0.992241027419337,0.975338830918336,0.992241027419337,0.975338830918336,0.992241027419337,0.975338830918336,1,1,0.992241027419337,0.975338830918336,1,1,0,0,1
233,190,55,39,0.236051502145923,0.205263157894737,1.06299661094258,1.16092478023245,1.06299661094258,1.16092478023245,1.06299661094258,1.16092478023245,1.06299661094258,1.16092478023245,1,1,1.0788707889146,1.16092478023245,1,1,0,0,1
192,197,0,14,0,0.0710659898477157,0,0.401934129300836,0,0.401934129300836,0,0.401934129300836,0,0.401934129300836,1,1,0,0.401934129300836,1,1,0,0,7
69,63,13,10,0.188405797101449,0.158730158730159,1.09104115846428,1.15920081708425,1.09104115846428,1.15920081708425,1.09104115846428,1.15920081708425,1.09104115846428,1.15920081708425,1,1,1.09104115846428,1.15920081708425,1,1,0,0,1
425,459,45,39,0.105882352941176,0.0849673202614379,0.613155257381286,0.620513378556862,0.613155257381286,0.620513378556862,0.613155257381286,0.620513378556862,0.613155257381286,0.620513378556862,1,1,0.613155257381286,0.620513378556862,1,1,0,0,6
261,265,84,77,0.32183908045977,0.290566037735849,1.04878040805472,1.10437959385311,1.04878040805472,1.10437959385311,1.04878040805472,1.10437959385311,1.04878040805472,1.10437959385311,1,1,2.11108712085776,2.24065151658653,2,2,1,1,1
804,745,230,200,0.286069651741294,0.268456375838926,0.938229683909998,1.02034548024431,0.938229683909998,1.02034548024431,0.938229683909998,1.02034548024431,0.938229683909998,1.02034548024431,1,1,1.87645936782,2.07015654805345,2,2,1,1,1
104,106,12,11,0.115384615384615,0.10377358490566,0.764207681752947,0.80023268449519,0.764207681752947,0.80023268449519,0.764207681752947,0.80023268449519,0.764207681752947,0.80023268449519,1,1,0.764207681752947,0.80023268449519,2,2,1,1,1
107,82,20,16,0.186915887850467,0.195121951219512,1.22606528380925,1.504650369073,1.22606528380925,1.504650369073,1.22606528380925,1.504650369073,1.22606528380925,1.504650369073,1,1,1.22606528380925,1.504650369073,2,2,1,1,1
172,160,24,0,0.13953488372093,0,0.915271990936669,0,0.915271990936669,0,0.915271990936669,0,0.915271990936669,0,1,1,0.915271990936669,0,2,2,1,1,2
180,200,0,12,0,0.06,0,0.401468257881746,0,0.401468257881746,0,0.401468257881746,0,0.401468257881746,1,1,0,0.401468257881746,1,1,1,1,7
328,308,1,33,0.00304878048780488,0.107142857142857,0,0.716907603360261,0,0.716907603360261,0,0.716907603360261,0,0.716907603360261,1,1,0.0170079685402903,0.716907603360261,1,1,1,1,7
371,339,0,10,0,0.0294985250737463,0,0.197378691190632,0,0.197378691190632,0,0.197378691190632,0,0.197378691190632,1,1,0,0.197378691190632,1,1,1,1,4
690,687,107,111,0.155072463768116,0.161572052401747,0.865089367956562,1.03963595602965,0.865089367956562,1.03963595602965,0.865089367956562,1.03963595602965,0.865089367956562,1.03963595602965,1,1,0.865089367956562,1.08110084000179,1,1,1,1,1
252,245,29,28,0.115079365079365,0.114285714285714,0.811150132994439,0.982721345290327,0.811150132994439,0.982721345290327,0.811150132994439,0.982721345290327,0.811150132994439,0.982721345290327,1,1,0.811150132994439,0.982721345290327,1,1,1,1,1
133,112,19,16,0.142857142857143,0.142857142857143,1.00694499268275,1.22840168161291,1.00694499268275,1.22840168161291,1.00694499268275,1.22840168161291,1.00694499268275,1.22840168161291,1,1,1.00694499268275,1.22840168161291,1,1,1,1,1
766,727,122,96,0.159268929503916,0.132049518569464,0.886145078104147,0.876170111610835,0.886145078104147,0.876170111610835,0.886145078104147,0.876170111610835,0.886145078104147,0.876170111610835,1,1,0.886145078104147,0.876170111610835,1,1,1,1,1
782,719,134,106,0.171355498721228,0.147426981919332,0.953392681616307,0.978202091170523,0.953392681616307,0.978202091170523,0.953392681616307,0.978202091170523,0.953392681616307,0.978202091170523,1,1,0.953392681616307,0.978202091170523,1,1,1,1,1
400,419,14,0,0.035,0,0.195222067825072,0,0.195222067825072,0,0.195222067825072,0,0.195222067825072,0,1,1,0.195222067825072,0,1,1,1,1,5
383,380,64,53,0.16710182767624,0.139473684210526,0.943668880332602,0.937379548660034,0.943668880332602,0.937379548660034,0.943668880332602,0.937379548660034,0.943668880332602,0.937379548660034,1,1,0.943668880332602,0.937379548660034,1,1,1,1,1
281,261,43,27,0.153024911032028,0.103448275862069,1.09188793727206,0.893480208998993,1.09188793727206,0.893480208998993,1.09188793727206,0.893480208998993,1.09188793727206,0.893480208998993,1,1,1.09188793727206,0.893480208998993,1,1,1,1,1
138,124,20,10,0.144927536231884,0.0806451612903226,0.948432329363815,0.620626004309427,0.948432329363815,0.620626004309427,0.948432329363815,0.620626004309427,0.948432329363815,0.620626004309427,1,1,0.948432329363815,0.620626004309427,2,2,1,1,1
100,86,24,16,0.24,0.186046511627907,0.791898281179461,1.44861410888224,0.791898281179461,1.44861410888224,0.791898281179461,1.44861410888224,0.791898281179461,1.44861410888224,1,1,1.57060393742648,1.44861410888224,2,2,1,1,1
232,192,36,0,0.155172413793103,0,1.01547668368091,0,1.01547668368091,0,1.01547668368091,0,1.01547668368091,0,1,1,1.01547668368091,0,2,2,1,1,2
399,393,78,60,0.195488721804511,0.152671755725191,0.89387652779131,0.865554716715627,0.89387652779131,0.865554716715627,0.89387652779131,0.865554716715627,0.89387652779131,0.865554716715627,1,1,0.89387652779131,0.865554716715627,1,1,0,0,1
240,216,44,24,0.183333333333333,0.111111111111111,1.05919216639403,0.807467988022976,1.05919216639403,0.807467988022976,1.05919216639403,0.807467988022976,1.05919216639403,0.807467988022976,1,1,1.05919216639403,0.807467988022976,1,1,0,0,1
258,252,79,59,0.306201550387597,0.234126984126984,0.996443298210044,0.905158064095183,0.996443298210044,0.905158064095183,0.996443298210044,0.905158064095183,0.996443298210044,0.905158064095183,1,1,2.02082658534128,1.78976268550171,2,2,1,1,1
592,502,167,130,0.282094594594595,0.258964143426295,0.93086441857696,1.00118097710035,0.93086441857696,1.00118097710035,0.93086441857696,1.00118097710035,0.93086441857696,1.00118097710035,1,1,1.86172883715392,1.97962811726099,2,2,1,1,1
159,125,31,0,0.19496855345912,0,1.10314694162482,0,1.10314694162482,0,1.10314694162482,0,1.10314694162482,0,1,1,1.10314694162482,0,1,1,1,1,2
241,252,0,11,0,0.0436507936507936,0,0.296115681343282,0,0.296115681343282,0,0.296115681343282,0,0.296115681343282,1,1,0,0.296115681343282,1,1,1,1,4
211,193,41,23,0.194312796208531,0.119170984455959,1.03332089011533,0.808425100831682,1.03332089011533,0.808425100831682,1.03332089011533,0.808425100831682,1.03332089011533,0.808425100831682,1,1,1.10467202956255,0.808425100831682,1,1,1,1,1
113,118,20,16,0.176991150442478,0.135593220338983,0.986137634269919,0.900372044814807,0.986137634269919,0.900372044814807,0.986137634269919,0.900372044814807,0.986137634269919,0.900372044814807,1,1,0.986137634269919,0.900372044814807,1,1,1,1,1
258,203,38,25,0.147286821705426,0.123152709359606,1.0368773095861,1.05091230462255,1.0368773095861,1.05091230462255,1.0368773095861,1.05091230462255,1.0368773095861,1.05091230462255,1,1,1.0368773095861,1.05091230462255,1,1,1,1,1
148,181,16,21,0.108108108108108,0.116022099447514,0.602343527959464,0.770415030059079,0.602343527959464,0.770415030059079,0.602343527959464,0.770415030059079,0.602343527959464,0.770415030059079,1,1,0.602343527959464,0.770415030059079,1,1,1,1,6
248,218,37,33,0.149193548387097,0.151376146788991,0.831258356629543,1.00517452480185,0.831258356629543,1.00517452480185,0.831258356629543,1.00517452480185,0.831258356629543,1.00517452480185,1,1,0.831258356629543,1.00517452480185,1,1,1,1,1
389,415,0,33,0,0.0795180722891566,0,0.528019388932057,0,0.528019388932057,0,0.528019388932057,0,0.528019388932057,1,1,0,0.528019388932057,1,1,1,1,7
638,560,96,93,0.150470219435737,0.166071428571429,0.832557868438372,1.07358274467901,0.832557868438372,1.07358274467901,0.832557868438372,1.07358274467901,0.832557868438372,1.07358274467901,1,1,0.832557868438372,1.11811165703742,1,1,1,1,1
129,121,26,15,0.201550387596899,0.12396694214876,1.1151865246815,0.834634134818654,1.1151865246815,0.834634134818654,1.1151865246815,0.834634134818654,1.1151865246815,0.834634134818654,1,1,1.1151865246815,0.834634134818654,1,1,1,1,1
151,168,20,22,0.132450331125828,0.130952380952381,0.732853090595587,0.881665105907641,0.732853090595587,0.881665105907641,0.732853090595587,0.881665105907641,0.732853090595587,0.881665105907641,1,1,0.732853090595587,0.881665105907641,1,1,1,1,1
206,193,21,0,0.101941747572816,0,0.563089603711395,0,0.563089603711395,0,0.563089603711395,0,0.563089603711395,0,1,1,0.563089603711395,0,1,1,1,1,3
185,162,34,0,0.183783783783784,0,0.843525884120143,0,0.843525884120143,0,0.843525884120143,0,0.843525884120143,0,1,1,0.843525884120143,0,1,1,0,0,2
136,138,31,19,0.227941176470588,0.13768115942029,1.24558662590691,0.906214893914037,1.24558662590691,0.906214893914037,1.24558662590691,0.906214893914037,1.24558662590691,0.906214893914037,1,1,1.24558662590691,0.906214893914037,1,1,1,1,1
758,758,76,89,0.100263852242744,0.117414248021108,0.548616498290101,0.771800244577506,0.548616498290101,0.771800244577506,0.548616498290101,0.771800244577506,0.548616498290101,0.771800244577506,1,1,0.548616498290101,0.771800244577506,1,1,1,1,6
751,757,76,88,0.101198402130493,0.116248348745046,0.552999586159263,0.765144522818054,0.552999586159263,0.765144522818054,0.552999586159263,0.765144522818054,0.552999586159263,0.765144522818054,1,1,0.552999586159263,0.765144522818054,1,1,1,1,6
485,434,79,40,0.162886597938144,0.0921658986175115,1.12464123463492,0.779588496626651,1.12464123463492,0.779588496626651,1.12464123463492,0.779588496626651,1.12464123463492,0.779588496626651,1,1,1.12464123463492,0.779588496626651,1,1,1,1,1
509,510,65,55,0.12770137524558,0.107843137254902,0.90590052485513,0.928764782645938,0.90590052485513,0.928764782645938,0.90590052485513,0.928764782645938,0.90590052485513,0.928764782645938,1,1,0.90590052485513,0.928764782645938,1,1,1,1,1
574,572,74,73,0.128919860627178,0.127622377622378,0.914544335813276,1.09910721099518,0.914544335813276,1.09910721099518,0.914544335813276,1.09910721099518,0.914544335813276,1.09910721099518,1,1,0.914544335813276,1.09910721099518,1,1,1,1,1
354,312,52,42,0.146892655367232,0.134615384615385,0.811488113808167,0.891717605152063,0.811488113808167,0.891717605152063,0.811488113808167,0.891717605152063,0.811488113808167,0.891717605152063,1,1,0.811488113808167,0.891717605152063,1,1,1,1,1
365,372,64,49,0.175342465753425,0.131720430107527,0.9686551478629,0.87254088246062,0.9686551478629,0.87254088246062,0.9686551478629,0.87254088246062,0.9686551478629,0.87254088246062,1,1,0.9686551478629,0.87254088246062,1,1,1,1,1
116,127,22,18,0.189655172413793,0.141732283464567,1.05045932362636,0.952722716710225,1.05045932362636,0.952722716710225,1.05045932362636,0.952722716710225,1.05045932362636,0.952722716710225,1,1,1.05045932362636,0.952722716710225,1,1,1,1,1
415,444,70,57,0.168674698795181,0.128378378378378,0.941282952999292,0.861268174061374,0.941282952999292,0.861268174061374,0.941282952999292,0.861268174061374,0.941282952999292,0.861268174061374,1,1,0.941282952999292,0.861268174061374,1,1,1,1,1
290,313,52,38,0.179310344827586,0.121405750798722,1.00063478451846,0.810821156411347,1.00063478451846,0.810821156411347,1.00063478451846,0.810821156411347,1.00063478451846,0.810821156411347,1,1,1.00063478451846,0.810821156411347,1,1,1,1,1
432,407,85,73,0.196759259259259,0.179361179361179,1.08461587058039,1.1771668925873,1.08461587058039,1.1771668925873,1.08461587058039,1.1771668925873,1.08461587058039,1.1771668925873,1,1,1.10055539168214,1.19788262012433,1,1,1,1,1
640,633,28,1,0.04375,0.00157977883096367,0.244145265934191,0,0.244145265934191,0,0.244145265934191,0,0.244145265934191,0,1,1,0.244145265934191,0.0105507201279102,1,1,1,1,5
64,67,11,10,0.171875,0.149253731343284,0.959142116170038,0.996806841935394,0.959142116170038,0.996806841935394,0.959142116170038,0.996806841935394,0.959142116170038,0.996806841935394,1,1,0.959142116170038,0.996806841935394,1,1,1,1,1
776,806,129,144,0.166237113402062,0.178660049627792,0.921800683206497,1.2015931036935,0.921800683206497,1.2015931036935,0.921800683206497,1.2015931036935,0.921800683206497,1.2015931036935,1,1,0.921800683206497,1.2015931036935,1,1,1,1,1
301,255,45,34,0.149501661129568,0.133333333333333,0.829001000735813,0.895631896734508,0.829001000735813,0.895631896734508,0.829001000735813,0.895631896734508,0.829001000735813,0.895631896734508,1,1,0.829001000735813,0.895631896734508,1,1,1,1,1
118,131,25,17,0.211864406779661,0.129770992366412,1.17480838616516,0.871702800256868,1.17480838616516,0.871702800256868,1.17480838616516,0.871702800256868,1.17480838616516,0.871702800256868,1,1,1.17480838616516,0.871702800256868,1,1,1,1,1
303,247,30,0,0.099009900990099,0,0.549019364623717,0,0.549019364623717,0,0.549019364623717,0,0.549019364623717,0,1,1,0.549019364623717,0,1,1,1,1,3
294,327,54,52,0.183673469387755,0.159021406727829,1.03629130387774,1.07683329772128,1.03629130387774,1.07683329772128,1.03629130387774,1.07683329772128,1.03629130387774,1.07683329772128,1,1,1.03629130387774,1.07683329772128,1,1,1,1,1
598,622,76,79,0.127090301003344,0.127009646302251,0.905994021116964,1.10526920826973,0.905994021116964,1.10526920826973,0.905994021116964,1.10526920826973,0.905994021116964,1.10526920826973,1,1,0.905994021116964,1.10526920826973,1,1,1,1,1
121,142,29,24,0.239669421487603,0.169014084507042,1.27774763809349,1.14449996215013,1.27774763809349,1.14449996215013,1.27774763809349,1.14449996215013,1.27774763809349,1.14449996215013,1,1,1.3522221697064,1.14449996215013,1,1,1,1,1
149,132,23,13,0.154362416107383,0.0984848484848485,0.870917449269362,0.666902440066018,0.870917449269362,0.666902440066018,0.870917449269362,0.666902440066018,0.870917449269362,0.666902440066018,1,1,0.870917449269362,0.666902440066018,1,1,1,1,1
336,332,60,48,0.178571428571429,0.144578313253012,1.01051291323402,0.979030088104331,1.01051291323402,0.979030088104331,1.01051291323402,0.979030088104331,1.01051291323402,0.979030088104331,1,1,1.01051291323402,0.979030088104331,1,1,1,1,1
241,261,38,1,0.157676348547718,0.00383141762452107,0.893321485102016,0,0.893321485102016,0,0.893321485102016,0,0.893321485102016,0,1,1,0.893321485102016,0.0259449225136205,1,1,1,1,2
226,237,46,0,0.20353982300885,0,1.08371283806724,0,1.08371283806724,0,1.08371283806724,0,1.08371283806724,0,1,1,1.14432435710633,0,1,1,1,1,2
572,503,94,66,0.164335664335664,0.131212723658052,0.924883561009414,0.882973454014042,0.924883561009414,0.882973454014042,0.924883561009414,0.882973454014042,0.924883561009414,0.882973454014042,1,1,0.924883561009414,0.882973454014042,1,1,1,1,1
270,255,37,34,0.137037037037037,0.133333333333333,0.769898147889909,0.897243732058713,0.769898147889909,0.897243732058713,0.769898147889909,0.897243732058713,0.769898147889909,0.897243732058713,1,1,0.769898147889909,0.897243732058713,1,1,1,1,1
492,511,97,68,0.197154471544715,0.13307240704501,1.05792924772711,0.897243732058713,1.05792924772711,0.897243732058713,1.05792924772711,0.897243732058713,1.05792924772711,0.897243732058713,1,1,1.10764845601168,0.897243732058713,1,1,1,1,1
320,288,70,54,0.21875,0.1875,1.21714164635994,1.24686005724085,1.21714164635994,1.24686005724085,1.21714164635994,1.24686005724085,1.21714164635994,1.24686005724085,1,1,1.21714164635994,1.24686005724085,1,1,1,1,1
605,503,88,1,0.145454545454545,0.00198807157057654,0.806791034158591,0,0.806791034158591,0,0.806791034158591,0,0.806791034158591,0,1,1,0.806791034158591,0.0132205175055358,1,1,1,1,2
338,299,50,49,0.14792899408284,0.163879598662207,0.833659304956033,1.03040803309091,0.833659304956033,1.03040803309091,0.833659304956033,1.03040803309091,0.833659304956033,1.03040803309091,1,1,0.833659304956033,1.110959436507,1,1,1,1,1
111,91,23,7,0.207207207207207,0.0769230769230769,1.16145410865458,0.520737575627651,1.16145410865458,0.520737575627651,1.16145410865458,0.520737575627651,1.16145410865458,0.520737575627651,1,1,1.16145410865458,0.520737575627651,1,1,1,1,1
383,381,38,0,0.0992167101827676,0,0.55613729484675,0,0.55613729484675,0,0.55613729484675,0,0.55613729484675,0,1,1,0.55613729484675,0,1,1,1,1,3
52,54,13,7,0.25,0.12962962962963,1.36123124811239,0.877539247816968,1.36123124811239,0.877539247816968,1.36123124811239,0.877539247816968,1.36123124811239,0.877539247816968,1,1,1.40131963109411,0.877539247816968,1,1,1,1,1
511,488,75,61,0.146771037181996,0.125,0.819529751948657,0.833348821374129,0.819529751948657,0.833348821374129,0.819529751948657,0.833348821374129,0.819529751948657,0.833348821374129,1,1,0.819529751948657,0.833348821374129,1,1,1,1,1
147,154,28,24,0.19047619047619,0.155844155844156,1.06148615490493,1.03898034872619,1.06148615490493,1.03898034872619,1.06148615490493,1.03898034872619,1.06148615490493,1.03898034872619,1,1,1.06148615490493,1.03898034872619,1,1,1,1,1
370,434,56,66,0.151351351351351,0.152073732718894,0.843451160924455,1.01384372738604,0.843451160924455,1.01384372738604,0.843451160924455,1.01384372738604,0.843451160924455,1.01384372738604,1,1,0.843451160924455,1.01384372738604,1,1,1,1,1
299,250,74,42,0.247491638795987,0.168,1.37922197719252,1.10563116507783,1.37922197719252,1.10563116507783,1.37922197719252,1.10563116507783,1.37922197719252,1.10563116507783,1,1,1.37922197719252,1.12002081592683,1,1,1,1,1
289,270,30,0,0.103806228373702,0,0.57782387831813,0,0.57782387831813,0,0.57782387831813,0,0.57782387831813,0,1,1,0.57782387831813,0,1,1,1,1,3
251,249,47,41,0.187250996015936,0.164658634538153,1.04230833189843,1.0949249820832,1.04230833189843,1.0949249820832,1.04230833189843,1.0949249820832,1.04230833189843,1.0949249820832,1,1,1.04230833189843,1.0949249820832,1,1,1,1,1
104,121,30,22,0.288461538461538,0.181818181818182,1.30157901793925,1.0326820807622,1.30157901793925,1.0326820807622,1.30157901793925,1.0326820807622,1.30157901793925,1.0326820807622,1,1,1.31766835135472,1.0326820807622,1,1,0,0,1
317,327,40,58,0.126182965299685,0.17737003058104,0.698096274501926,1.13582540556879,0.698096274501926,1.13582540556879,0.698096274501926,1.13582540556879,0.698096274501926,1.13582540556879,1,1,0.698096274501926,1.19352167080635,1,1,1,1,1
46,50,11,9,0.239130434782609,0.18,1.32296832021099,1.21121871627003,1.32296832021099,1.21121871627003,1.32296832021099,1.21121871627003,1.32296832021099,1.21121871627003,1,1,1.32296832021099,1.21121871627003,1,1,1,1,1
730,650,0,22,0,0.0338461538461538,0,0.225747273932009,0,0.225747273932009,0,0.225747273932009,0,0.225747273932009,1,1,0,0.225747273932009,1,1,1,1,4
300,349,50,55,0.166666666666667,0.157593123209169,0.930179732291771,1.05111553048572,0.930179732291771,1.05111553048572,0.930179732291771,1.05111553048572,0.930179732291771,1.05111553048572,1,1,0.930179732291771,1.05111553048572,1,1,1,1,1
441,418,0,14,0,0.0334928229665072,0,0.223390625574302,0,0.223390625574302,0,0.223390625574302,0,0.223390625574302,1,1,0,0.223390625574302,1,1,1,1,4
223,214,41,36,0.183856502242152,0.168224299065421,1.02611755221424,1.12202340909282,1.02611755221424,1.12202340909282,1.02611755221424,1.12202340909282,1.02611755221424,1.12202340909282,1,1,1.02611755221424,1.12202340909282,1,1,1,1,1
267,247,45,46,0.168539325842697,0.186234817813765,0.940631189957971,1.24215007187469,0.940631189957971,1.24215007187469,0.940631189957971,1.24215007187469,0.940631189957971,1.24215007187469,1,1,0.940631189957971,1.24215007187469,1,1,1,1,1
277,286,29,38,0.104693140794224,0.132867132867133,0.738066369005513,1.15316830225847,0.738066369005513,1.15316830225847,0.738066369005513,1.15316830225847,0.738066369005513,1.15316830225847,1,1,0.738066369005513,1.15316830225847,1,1,1,1,1
438,374,80,57,0.182648401826484,0.152406417112299,0.997855134370643,1.02929510386686,0.997855134370643,1.02929510386686,0.997855134370643,1.02929510386686,0.997855134370643,1.02929510386686,1,1,1.02142912866623,1.02929510386686,1,1,1,1,1
310,276,50,43,0.161290322580645,0.155797101449275,0.910227491584877,1.05087008659763,0.910227491584877,1.05087008659763,0.910227491584877,1.05087008659763,0.910227491584877,1.05087008659763,1,1,0.910227491584877,1.05087008659763,1,1,1,1,1
437,464,70,53,0.160183066361556,0.114224137931034,0.903978790269649,0.770455474476248,0.903978790269649,0.770455474476248,0.903978790269649,0.770455474476248,0.903978790269649,0.770455474476248,1,1,0.903978790269649,0.770455474476248,1,1,1,1,1
351,324,61,54,0.173789173789174,0.166666666666667,0.980763639080913,1.07804805543244,0.980763639080913,1.07804805543244,0.980763639080913,1.07804805543244,0.980763639080913,1.07804805543244,1,1,0.980763639080913,1.12766705815041,1,1,1,1,1
518,478,76,71,0.146718146718147,0.148535564853556,0.827990722074892,1.00189015359381,0.827990722074892,1.00189015359381,0.827990722074892,1.00189015359381,0.827990722074892,1.00189015359381,1,1,0.827990722074892,1.00189015359381,1,1,1,1,1
165,159,28,0,0.16969696969697,0,0.957669651752331,0,0.957669651752331,0,0.957669651752331,0,0.957669651752331,0,1,1,0.957669651752331,0,1,1,1,1,2
241,223,48,39,0.199170124481328,0.174887892376682,1.06708171780587,1.12773387761854,1.06708171780587,1.12773387761854,1.06708171780587,1.12773387761854,1.06708171780587,1.12773387761854,1,1,1.12399876139278,1.17963975515037,1,1,1,1,1
272,313,46,0,0.169117647058824,0,0.94083259583262,0,0.94083259583262,0,0.94083259583262,0,0.94083259583262,0,1,1,0.94083259583262,0,1,1,1,1,2
234,253,25,23,0.106837606837607,0.0909090909090909,0.750974305790353,0.777107352238873,0.750974305790353,0.777107352238873,0.750974305790353,0.777107352238873,0.750974305790353,0.777107352238873,1,1,0.750974305790353,0.777107352238873,1,1,1,1,1
256,261,28,29,0.109375,0.111111111111111,0.608473254913488,0.739082151390091,0.608473254913488,0.739082151390091,0.608473254913488,0.739082151390091,0.608473254913488,0.739082151390091,1,1,0.608473254913488,0.739082151390091,1,1,1,1,6
272,294,11,0,0.0404411764705882,0,0.230317981806451,0,0.230317981806451,0,0.230317981806451,0,0.230317981806451,0,1,1,0.230317981806451,0,1,1,1,1,5
484,484,75,63,0.15495867768595,0.130165289256198,0.882510674089332,0.889622943983444,0.882510674089332,0.889622943983444,0.882510674089332,0.889622943983444,0.882510674089332,0.889622943983444,1,1,0.882510674089332,0.889622943983444,1,1,1,1,1
310,315,26,0,0.0838709677419355,0,0.469197660784782,0,0.469197660784782,0,0.469197660784782,0,0.469197660784782,0,1,1,0.469197660784782,0,1,1,1,1,3
515,490,14,0,0.0271844660194175,0,0.152373379811879,0,0.152373379811879,0,0.152373379811879,0,0.152373379811879,0,1,1,0.152373379811879,0,1,1,1,1,5
226,218,45,36,0.199115044247788,0.165137614678899,1.10317763948826,1.10514731700462,1.10317763948826,1.10514731700462,1.10317763948826,1.10514731700462,1.10317763948826,1.10514731700462,1,1,1.10317763948826,1.10514731700462,1,1,1,1,1
361,337,12,0,0.0332409972299169,0,0.18416852928853,0,0.18416852928853,0,0.18416852928853,0,0.18416852928853,0,1,1,0.18416852928853,0,1,1,1,1,5
370,333,78,57,0.210810810810811,0.171171171171171,1.16021274982258,1.12002389422163,1.16021274982258,1.12002389422163,1.16021274982258,1.12002389422163,1.16021274982258,1.12002389422163,1,1,1.17418110292953,1.14997851728412,1,1,1,1,1
466,416,80,72,0.171673819742489,0.173076923076923,0.956194581454662,1.13249379587795,0.956194581454662,1.13249379587795,0.956194581454662,1.13249379587795,0.956194581454662,1.13249379587795,1,1,0.956194581454662,1.16278192182878,1,1,1,1,1
332,314,67,56,0.201807228915663,0.178343949044586,1.09792453333441,1.16516928888704,1.09792453333441,1.16516928888704,1.09792453333441,1.16516928888704,1.09792453333441,1.16516928888704,1,1,1.09792453333441,1.16516928888704,1,1,1,1,1
252,232,42,43,0.166666666666667,0.185344827586207,0.90674364444533,1.21090792322604,0.90674364444533,1.21090792322604,0.90674364444533,1.21090792322604,0.90674364444533,1.21090792322604,1,1,0.90674364444533,1.21090792322604,1,1,1,1,1
134,101,17,12,0.126865671641791,0.118811881188119,0.705204424813896,0.787254546790503,0.705204424813896,0.787254546790503,0.705204424813896,0.787254546790503,0.705204424813896,0.787254546790503,1,1,0.705204424813896,0.787254546790503,1,1,1,1,1
153,167,33,18,0.215686274509804,0.107784431137725,1.19892886064093,0.714186011010546,1.19892886064093,0.714186011010546,1.19892886064093,0.714186011010546,1.19892886064093,0.714186011010546,1,1,1.19892886064093,0.714186011010546,1,1,1,1,1
164,198,32,29,0.195121951219512,0.146464646464646,1.08461857015853,0.97048340385075,1.08461857015853,0.97048340385075,1.08461857015853,0.97048340385075,1.08461857015853,0.97048340385075,1,1,1.08461857015853,0.97048340385075,1,1,1,1,1
258,279,0,11,0,0.039426523297491,0,0.261242473561604,0,0.261242473561604,0,0.261242473561604,0,0.261242473561604,1,1,0,0.261242473561604,1,1,1,1,4
105,105,14,12,0.133333333333333,0.114285714285714,0.741156022941664,0.75726389738896,0.741156022941664,0.75726389738896,0.741156022941664,0.75726389738896,0.741156022941664,0.75726389738896,1,1,0.741156022941664,0.75726389738896,1,1,1,1,1
337,336,15,0,0.0445103857566766,0,0.205377699393197,0,0.205377699393197,0,0.205377699393197,0,0.205377699393197,0,1,1,0.205377699393197,0,1,1,0,0,5
286,241,45,42,0.157342657342657,0.174273858921162,0.874697417971193,1.15442123283652,0.874697417971193,1.15442123283652,0.874697417971193,1.15442123283652,0.874697417971193,1.15442123283652,1,1,0.874697417971193,1.15442123283652,1,1,1,1,1
117,122,20,13,0.170940170940171,0.10655737704918,0.950288552857593,0.705855137095398,0.950288552857593,0.705855137095398,0.950288552857593,0.705855137095398,0.950288552857593,0.705855137095398,1,1,0.950288552857593,0.705855137095398,1,1,1,1,1
340,376,0,11,0,0.0292553191489362,0,0.192413886904519,0,0.192413886904519,0,0.192413886904519,0,0.192413886904519,1,1,0,0.192413886904519,1,1,1,1,4
395,399,89,65,0.225316455696203,0.162907268170426,1.19831437894856,1.08888836344701,1.19831437894856,1.08888836344701,1.19831437894856,1.08888836344701,1.19831437894856,1.08888836344701,1,1,1.28001657227145,1.08888836344701,1,1,1,1,1
167,186,28,0,0.167664670658683,0,0.925499066828871,0,0.925499066828871,0,0.925499066828871,0,0.925499066828871,0,1,1,0.925499066828871,0,1,1,1,1,2
383,404,53,58,0.138381201044386,0.143564356435644,0.735915830901511,0.935404358154295,0.735915830901511,0.935404358154295,0.735915830901511,0.935404358154295,0.735915830901511,0.935404358154295,1,1,0.735915830901511,0.935404358154295,1,1,1,1,1
457,477,83,73,0.181619256017505,0.153039832285115,0.967975353712684,0.997142533459354,0.967975353712684,0.997142533459354,0.967975353712684,0.997142533459354,0.967975353712684,0.997142533459354,1,1,0.967975353712684,0.997142533459354,1,1,1,1,1
300,341,30,0,0.1,0,0.565388795909145,0,0.565388795909145,0,0.565388795909145,0,0.565388795909145,0,1,1,0.565388795909145,0,1,1,1,1,3
594,639,102,90,0.171717171717172,0.140845070422535,0.970869649540957,0.95042840416254,0.970869649540957,0.95042840416254,0.970869649540957,0.95042840416254,0.970869649540957,0.95042840416254,1,1,0.970869649540957,0.95042840416254,1,1,1,1,1
107,108,30,14,0.280373831775701,0.12962962962963,1.54758812134484,0.861239077249628,1.54758812134484,0.861239077249628,1.54758812134484,0.861239077249628,1.54758812134484,0.861239077249628,1,1,1.54758812134484,0.861239077249628,1,1,1,1,1
482,498,86,74,0.178423236514523,0.14859437751004,0.986895765253998,0.989224303733692,0.986895765253998,0.989224303733692,0.986895765253998,0.989224303733692,0.986895765253998,0.989224303733692,1,1,0.986895765253998,0.989224303733692,1,1,1,1,1
398,366,64,60,0.160804020100503,0.163934426229508,0.887594929226921,1.08915480495269,0.887594929226921,1.08915480495269,0.887594929226921,1.08915480495269,0.887594929226921,1.08915480495269,1,1,0.887594929226921,1.08915480495269,1,1,1,1,1
485,499,87,85,0.179381443298969,0.170340681362725,1.00970499995542,1.1428014084376,1.00970499995542,1.1428014084376,1.00970499995542,1.1428014084376,1.00970499995542,1.1428014084376,1,1,1.00970499995542,1.1428014084376,1,1,1,1,1
258,261,29,0,0.112403100775194,0,0.631391757078065,0,0.631391757078065,0,0.631391757078065,0,0.631391757078065,0,1,1,0.631391757078065,0,1,1,1,1,3
707,715,0,50,0,0.0699300699300699,0,0.48032005943034,0,0.48032005943034,0,0.48032005943034,0,0.48032005943034,1,1,0,0.48032005943034,1,1,1,1,7
215,251,50,44,0.232558139534884,0.175298804780877,1.27255993953796,1.12609594755923,1.27255993953796,1.12609594755923,1.27255993953796,1.12609594755923,1.27255993953796,1.12609594755923,1,1,1.30081171856228,1.17834703558736,1,1,1,1,1
224,212,38,35,0.169642857142857,0.165094339622642,0.948895691129807,1.10975329198488,0.948895691129807,1.10975329198488,0.948895691129807,1.10975329198488,0.948895691129807,1.10975329198488,1,1,0.948895691129807,1.10975329198488,1,1,1,1,1
